,sample_id,family,parent_name,child_name,parent_heavy,child_heavy,v_gene_heavy,j_gene_heavy,cdr1_codon_start_heavy,cdr1_codon_end_heavy,cdr2_codon_start_heavy,cdr2_codon_end_heavy,cdr3_codon_start_heavy,cdr3_codon_end_heavy,parent_light,child_light,v_gene_light,j_gene_light,cdr1_codon_start_light,cdr1_codon_end_light,cdr2_codon_start_light,cdr2_codon_end_light,cdr3_codon_start_light,cdr3_codon_end_light,light_chain_type,branch_length,depth,distance,parent_is_naive,child_is_leaf
16,d2,269773-igl-103817,naive,Node1,GAGGTGCAGCTGGTGGAGTCTGGGGGAGGCTTGGTAAAGCCTGGGGGGTCCCTTAGACTCTCCTGTGCAGCCTCTGGATTCACTTTCAGTAACGCCTGGATGAGCTGGGTCCGCCAGGCTCCAGGGAAGGGGCTGGAGTGGGTTGGCCGTATTAAAAGCAAAACTGATGGTGGGACAACAGACTACGCTGCACCCGTGAAAGGCAGATTCACCATCTCAAGAGATGATTCAAAAAACACGCTGTATCTGCAAATGAACAGCCTGAAAACCGAGGACACAGCCGTGTATTACTGTACCACAGATTCCGGCAGCTCGTCCTGGAACTACTGGGGCCAGGGAACCCTGGTCACCGTCTCCTCA,GAGGTGCAGCTGGTGGAGTCTGGGGGAGGCTTGGTAAAGCCTGGGGGGTCCCTTAGACTCTCCTGTGCAACCTCTGGATTCGCTTTCACTAACGTCTGGATGAGCTGGGTCCGCCAGGCTCCAGGGAAGGGGCTGGAGTGGGTTGGCCGTATTAAAGGCAAAACTGATGGTGGGACAACAGACTACGCTGCACCCGTGAAAGGCAGATTCACCATCTCAAGAGATGATTCAAAAAACACGGTATATTTGCAAATGAACAGCCTGAAAACCGAGGACACAGCCGTGTATTACTGTAACACAGATTCCGGCAGCTCGTCCTGGAACTTCTGGGGCCAGGGAACCCTGGTCACCGTCTCCTCA,IGHV3-15*01,IGHJ4*02,75,96,150,177,294,324,CAGTCTGCCCTGACTCAGCCTGCCTCCGTGTCTGGGTCTCCTGGACAGTCGATCACCATCTCCTGCACTGGAACCAGCAGTGACGTTGGTGGTTATAACTATGTCTCCTGGTACCAACAGCACCCAGGCAAAGCCCCCAAACTCATGATTTATGAGGTCAGTAATCGGCCCTCAGGGGTCCCTGATCGCTTCTCTGGCTCCAAGTCTGGCAACACGGCCTCCCTGACCATCTCTGGGCTCCAGGCTGAGGACGAGGCTGATTATTACTGCAGCTCATATACAAGCAGCAGCCCCATATTCGGCGGAGGGACCAAGCTGACCGTCCTA,CAGTCTGCCCTGACTCAGCCTGCCTCCGTGTCTGGGTCTCCTGGACAGTCGATCACCATCTCCTGCACTGGAACCAGCGGTGACGTTGGTGGTTCTAATTATCTCTCCTGGTACCAACAACACCCAGACAAAGCCCCCAAACTCATACTTTATGAGGTCAGTAATCGGCCCTCAGGGGTCCCTGATCGCTTCTCTGGCTCCAAGTCTGGCGACACGGCCTCCCTGATCATCTCTGGGCTCCAGACTGAGGACGAGGCTGATTATTACTGCAGCTCATATACAACCAGCAGCCCCATATTCGGCGGAGGGACCAAGCTAACCGTCCTA,IGLV2-14*05,IGLJ2*01,75,99,153,159,270,294,lambda,0.0371190701,1,0.0371190701,True,False
17,d2,269773-igl-103817,Node1,CATGCCTTCTATGTGG-1-1287189_contig_h,GAGGTGCAGCTGGTGGAGTCTGGGGGAGGCTTGGTAAAGCCTGGGGGGTCCCTTAGACTCTCCTGTGCAACCTCTGGATTCGCTTTCACTAACGTCTGGATGAGCTGGGTCCGCCAGGCTCCAGGGAAGGGGCTGGAGTGGGTTGGCCGTATTAAAGGCAAAACTGATGGTGGGACAACAGACTACGCTGCACCCGTGAAAGGCAGATTCACCATCTCAAGAGATGATTCAAAAAACACGGTATATTTGCAAATGAACAGCCTGAAAACCGAGGACACAGCCGTGTATTACTGTAACACAGATTCCGGCAGCTCGTCCTGGAACTTCTGGGGCCAGGGAACCCTGGTCACCGTCTCCTCA,GAGGTGCAGCTGGTGGAGTCTGGGGGAGGCTTGGTAAAGCCTGGGGGGTCCCTTAGACTCTCCTGTGCAACCTCTGGATTCGCTTTCACTAACGTCTGGATGAGCTGGGTCCGCCAGGCTCCAGGGAAGGGGCTGGAGTGGGTTGGCCGTATTAAAGGCAAAACTGATGGTGGGACAACAGACTACGCTGCACCCGTGAAAGGCAGATTCACCATGTCAAGAGATGATTCAAAAAACACGGTATATTTGCAAATGAACAGCCTGAAAACCGAGGACACAGCCGTGTATTACTGTAACACAGATTCCGGCAGCTCGTCCTGGAACTTCTGGGGCCAGGGAACCCTGGTCACCGTCTCCTCA,IGHV3-15*01,IGHJ4*02,75,96,150,177,294,324,CAGTCTGCCCTGACTCAGCCTGCCTCCGTGTCTGGGTCTCCTGGACAGTCGATCACCATCTCCTGCACTGGAACCAGCGGTGACGTTGGTGGTTCTAATTATCTCTCCTGGTACCAACAACACCCAGACAAAGCCCCCAAACTCATACTTTATGAGGTCAGTAATCGGCCCTCAGGGGTCCCTGATCGCTTCTCTGGCTCCAAGTCTGGCGACACGGCCTCCCTGATCATCTCTGGGCTCCAGACTGAGGACGAGGCTGATTATTACTGCAGCTCATATACAACCAGCAGCCCCATATTCGGCGGAGGGACCAAGCTAACCGTCCTA,CAGTCTGCCCTGACTCAGCCTGCCTCCGTGTCTGGGTCTCCTGGACAGTCGATCACCATCTCCTGCACTGGAACCAGCGGTGACGTTGGTGGTTCTAATTATCTCTCCTGGTACCAACAACACCCAGACAAAGCCCCCAAACTCATACTTTATGAGGTCAGTAATCGGCCCTCAGGGGTCCCTGATCGCTTCTCTGGCTCCAAGTCTGGCGACACGGCCTCCCTGATCATCTCTGGGCTCCAGACTGAGGACGAGGCTGATTATTACTGCAGCTCATATACAACCAGCAGCCCCATATTCGGCGGAGGGACCAAGCTAACCGTCCTA,IGLV2-14*05,IGLJ2*01,75,99,153,159,270,294,lambda,0.0035084051,2,0.0406274752,False,True
18,d2,269773-igl-103817,Node1,CTTCTCTAGGGCACTA-1-1287181_contig_h,GAGGTGCAGCTGGTGGAGTCTGGGGGAGGCTTGGTAAAGCCTGGGGGGTCCCTTAGACTCTCCTGTGCAACCTCTGGATTCGCTTTCACTAACGTCTGGATGAGCTGGGTCCGCCAGGCTCCAGGGAAGGGGCTGGAGTGGGTTGGCCGTATTAAAGGCAAAACTGATGGTGGGACAACAGACTACGCTGCACCCGTGAAAGGCAGATTCACCATCTCAAGAGATGATTCAAAAAACACGGTATATTTGCAAATGAACAGCCTGAAAACCGAGGACACAGCCGTGTATTACTGTAACACAGATTCCGGCAGCTCGTCCTGGAACTTCTGGGGCCAGGGAACCCTGGTCACCGTCTCCTCA,GAGGTGCAGCTGGTGGAGTCTGGGGGAGGCTTGGTAAAGCCTGGGGGGTCCCTTAGACTCTCCTGTGCAACCTCTGGATTCGCTTTCACTAACGTCTGGATGAACTGGGTCCGCCAGGCTCCAGGGAAGGGGCTGGAGTGGGTTGGCCGTATTAAAGGCAAAAGAGATGGCGTGACAATAGACTACGGTGCACCCGTGAAAGGCAGATTCACCATCTCAAGAGATGATTCAAAACACACAGTATATTTGCAAATGAACAGCCTGAAAACCGAGGACACAGCCGTCTATTACTGTAATACAGATTCCGGCAGCTCGTCCTGGAACTTCTGGGGCCAGGGAACCCTGGTCACCGTCTCCTCA,IGHV3-15*01,IGHJ4*02,75,96,150,177,294,324,CAGTCTGCCCTGACTCAGCCTGCCTCCGTGTCTGGGTCTCCTGGACAGTCGATCACCATCTCCTGCACTGGAACCAGCGGTGACGTTGGTGGTTCTAATTATCTCTCCTGGTACCAACAACACCCAGACAAAGCCCCCAAACTCATACTTTATGAGGTCAGTAATCGGCCCTCAGGGGTCCCTGATCGCTTCTCTGGCTCCAAGTCTGGCGACACGGCCTCCCTGATCATCTCTGGGCTCCAGACTGAGGACGAGGCTGATTATTACTGCAGCTCATATACAACCAGCAGCCCCATATTCGGCGGAGGGACCAAGCTAACCGTCCTA,CAGTCTGCCCTGACTCAGCCTGCCTCCGTGTCTGGGTCTCCTGGACAGTCGATCACCATCTCCTGCACTGGAACCAGCGGTGACGTTGGTGGTTCTAATTGGCTCTCCTGGTACCAACAACACCCAGGCAAAGCCCCCAAACTCATCCTTTATGAGGTCAGTAATCGCCCCTCAGGGGTCCCTGATCGCTTCTCTGGCTCCAAGTCTGGCGACACGGCCTCCCTGATCATCTCTGGGCTCCAGACTGAGGACGAGGCTGATTATTATTGCTGCTCATATACAGCCAACAGGCCCATATTCGGCGGAGGGACCAAGCTGACCGTCCTA,IGLV2-14*05,IGLJ2*01,75,99,153,159,270,294,lambda,0.0358868997,2,0.0730059698,False,True
19,d4,7420-igk-7420,naive,Node1,CAGGTGCAGCTGGTGGAGTCTGGGGGAGGCGTGGTCCAGCCTGGGAGGTCCCTGAGACTCTCCTGTGCAGCCTCTGGATTCACCTTCAGTAGCTATGGCATGCACTGGGTCCGCCAGGCTCCAGGCAAGGGGCTGGAGTGGGTGGCAGTTATATGGTATGATGGAAGTAATAAATACTATGCAGACTCCGTGAAGGGCCGATTCACCATCTCCAGAGACAATTCCAAGAACACGCTGTATCTGCAAATGAACAGCCTGAGAGCCGAGGACACGGCTGTGTATTACTGTGCGAGAGATTTATGGGACAGTGGCTTTAAGTTTCTTGACTACTGGGGCCAGGGAACCCTGGTCACCGTCTCCTCA,CAGGTGCAGCTGGTGGAGTCTGGGGGAGGCGTGGTCCAGCCTGGGAGGTCCCTGAGACTCTCCTGTGCAGCCTCTGGATTCACCTTCAGTACCTATGGCATGCACTGGGTCCGCCAGGCTCCAGGCAAGGGGCTGGAATGGTTGGCACTGATATGGTATGATGGAAGTAAGAGATACGATGCAGACTCCGTGAAGGGCCGATTCACCATCTCCAGAGACAATTCCAAGAACATGCTGTATCTGCAAATGAATAGCCTGAGAGCCGAGGACACGGCTGTTTATTACTGTGCGAGAGATTTATGGGACAGTGGCTTTAAGTTTCTTGACTACTGGGGCCAGGGAACCCTGGTCACCGTCTCCTCA,IGHV3-33*08,IGHJ4*02,75,96,150,171,288,327,GAAATTGTGTTGACGCAGTCTCCAGGCACCCTGTCTTTGTCTCCAGGGGAAAGAGCCACCCTCTCCTGCAGGGCCAGTCAGAGTGTTAGCAGCAGCTACTTAGCCTGGTACCAGCAGAAACCTGGCCAGGCTCCCAGGCTCCTCATCTATGGTGCATCCAGCAGGGCCACTGGCATCCCAGACAGGTTCAGTGGCAGTGGGTCTGGGACAGACTTCACTCTCACCATCAGCAGACTGGAGCCTGAAGATTTTGCAGTGTATTACTGTCAGCAGTATGGTAGCTCACCCCCGTACACTTTTGGCCAGGGGACCAAGCTGGAGATCAAA,GAAATTGTGTTGACGCAGTCTCCAGGTAGCCTGTCTTTGTCTCCAGGGGAAAGAGCCACCCTCTCCTGTAGGGTCAGTCAGAGTGTTAGCAGCACCTACTTAGTCTGGTACCAGCAGAAACCTGGCCAGGCTCCCAGGCTCCTCATGTATGGTGCATCCACAAGGGCCACTGGCACCCCAGACAGATTCAGTGGCAGTGGGTCTGGGACAGACTTCACTCTCACCATCAGTAGACTGGAGCCTGAAGATTTTGCAGTGTATTACTGTCAGCAATATGGTAGTTCACCCCCGTATATTTTTGGCCAGGGGACCAAGCTGGAGATCAAA,IGKV3-20*01,IGKJ2*01,78,96,150,156,267,294,kappa,0.0411968415,1,0.0411968415,True,False
20,d4,7420-igk-7420,Node1,CAAGAAATCTCTAGGA-1-1287165_contig_h,CAGGTGCAGCTGGTGGAGTCTGGGGGAGGCGTGGTCCAGCCTGGGAGGTCCCTGAGACTCTCCTGTGCAGCCTCTGGATTCACCTTCAGTACCTATGGCATGCACTGGGTCCGCCAGGCTCCAGGCAAGGGGCTGGAATGGTTGGCACTGATATGGTATGATGGAAGTAAGAGATACGATGCAGACTCCGTGAAGGGCCGATTCACCATCTCCAGAGACAATTCCAAGAACATGCTGTATCTGCAAATGAATAGCCTGAGAGCCGAGGACACGGCTGTTTATTACTGTGCGAGAGATTTATGGGACAGTGGCTTTAAGTTTCTTGACTACTGGGGCCAGGGAACCCTGGTCACCGTCTCCTCA,CAGGTGCAGCTGGTGGAGTCTGGGGGAGGCGTGGTCCAGCCTGGGAGGTCCCTGAGACTCTCCTGTGCAGCCTCTGGATTCACCTTCAGTACCTATGGCATGCACTGGGTCCGCCAGGCTCCAGGCAAGGGGCTGGAATGGTTGGCACTGATATGGTATGATGGAAGTAAGAGATACGATGCAGACTCCGTGAAGGGCCGATTCACCATCTCCAGAGACAATTCCAAGAACATGCTGTATCTGCAAATGAATAGCCTGAGAGCCGAGGACACGGCTGTTTATTACTGTGCGAGAGATTTATGGGACAGTGGCTTTAAGTTTCTTGACTACTGGGGCCAGGGAACCCTGGTCACCGTCTCCTCA,IGHV3-33*08,IGHJ4*02,75,96,150,171,288,327,GAAATTGTGTTGACGCAGTCTCCAGGTAGCCTGTCTTTGTCTCCAGGGGAAAGAGCCACCCTCTCCTGTAGGGTCAGTCAGAGTGTTAGCAGCACCTACTTAGTCTGGTACCAGCAGAAACCTGGCCAGGCTCCCAGGCTCCTCATGTATGGTGCATCCACAAGGGCCACTGGCACCCCAGACAGATTCAGTGGCAGTGGGTCTGGGACAGACTTCACTCTCACCATCAGTAGACTGGAGCCTGAAGATTTTGCAGTGTATTACTGTCAGCAATATGGTAGTTCACCCCCGTATATTTTTGGCCAGGGGACCAAGCTGGAGATCAAA,GAAATTGTGTTGACGCAGTCTCCAGGTAGCCTGTCTTTGTCTCCAGGGGAAAGAGCCACCCTCTCCTGTAGGGTCAGTCAGAGTGTTAGCAGCACCTACTTAGTCTGGTACCAGCAGAAACCTGGCCAGGCTCCCAGGCTCCTCATGTATGGTGCATCCACAAGGGCCACTGGCACCCCAGACAGATTCAGTGGCAGTGGGTCTGGGACAGACTTCACTCTCACCATCAGTAGACTGGAGCCTGAAGATTTTGCAGTGTATTACTGTCAGCAATATGGTAGTTCACCCCCGTATATTTTTGGCCAGGGGACCAAGCTGGAGATCAAA,IGKV3-20*01,IGKJ2*01,78,96,150,156,267,294,kappa,1e-06,2,0.0411978415,False,True
21,d4,7420-igk-7420,Node1,CTTGGCTTCGAATCCA-1-1287164_contig_h,CAGGTGCAGCTGGTGGAGTCTGGGGGAGGCGTGGTCCAGCCTGGGAGGTCCCTGAGACTCTCCTGTGCAGCCTCTGGATTCACCTTCAGTACCTATGGCATGCACTGGGTCCGCCAGGCTCCAGGCAAGGGGCTGGAATGGTTGGCACTGATATGGTATGATGGAAGTAAGAGATACGATGCAGACTCCGTGAAGGGCCGATTCACCATCTCCAGAGACAATTCCAAGAACATGCTGTATCTGCAAATGAATAGCCTGAGAGCCGAGGACACGGCTGTTTATTACTGTGCGAGAGATTTATGGGACAGTGGCTTTAAGTTTCTTGACTACTGGGGCCAGGGAACCCTGGTCACCGTCTCCTCA,CAGGTGCAGCTGGTGGAGTCTGGGGGAGGCGTGGTCCAGCCTGGGAGGTCCCTGAGACTCTCCTGTGCAGCCTCTGGATTCACCTTCAGTACCTATGGCATGCACTGGGTCCGCCAGGCTCCAGGCAAGGGGCTGGAATGGTTGGCACTGATATGGTATGATGGAAGTAAGAGATACGATGCAGACTCCGTGAAGGGCCGATTCACCATCTCCAGAGACAATTCCAAGAACATGCTGTATCTGCAAATGAATAGCCTGAGAGCCGAGGACACGGCTGTTTATTACTGTGCGAGAGATTTATGGGACAGTGGCTTTAAGTTTCTTGACTACTGGGGCCAGGGAACCCTGGTCACCGTCTCCTCA,IGHV3-33*08,IGHJ4*02,75,96,150,171,288,327,GAAATTGTGTTGACGCAGTCTCCAGGTAGCCTGTCTTTGTCTCCAGGGGAAAGAGCCACCCTCTCCTGTAGGGTCAGTCAGAGTGTTAGCAGCACCTACTTAGTCTGGTACCAGCAGAAACCTGGCCAGGCTCCCAGGCTCCTCATGTATGGTGCATCCACAAGGGCCACTGGCACCCCAGACAGATTCAGTGGCAGTGGGTCTGGGACAGACTTCACTCTCACCATCAGTAGACTGGAGCCTGAAGATTTTGCAGTGTATTACTGTCAGCAATATGGTAGTTCACCCCCGTATATTTTTGGCCAGGGGACCAAGCTGGAGATCAAA,GAAATTGTGTTGACGCAGTCTCCAGGTAGCCTGTCTTTGTCTCCAGGGGAAAGAGCCACCCTCTCCTGTAGGGTCAGTCAGAGTGTTAGCAGCACCTACTTAGTCTGGTACCAGCAGAAACCTGGCCAGGCTCCCAGGCTCCTCATGTATGGTGCATCCACAAGGGCCACTGGCACCCCAGACAGATTCAGTGGCAGTGGGTCTGGGACAGACTTCACTCTCACCATCAGTAGACTGGAGCCTGAAGATTTTGCAGTGTATTACTGTCAGCAATATGGTAGTTCACCCCCGTATATTTTTGGCCAGGGGACCAAGCTGGAGATCAAA,IGKV3-20*01,IGKJ2*01,78,96,150,156,267,294,kappa,1e-06,2,0.0411978415,False,True
22,d1,129355-igk-129355,naive,Node1,GAGGTGCAGCTGGTGGAGTCTGGGGGAGGCTTGGTACAGCCTGGGGGGTCCCTGAGACTCTCCTGTGCAGCCTCTGGATTCACCTTTAGCAGCTATGCCATGAGCTGGGTCCGCCAGGCTCCAGGGAAGGGGCTGGAGTGGGTCTCAGCTATTAGTGGTAGTGGTGGTAGCACATACTACGCAGACTCCGTGAAGGGCCGGTTCACCATCTCCAGAGACAATTCCAAGAACACGCTGTATCTGCAAATGAACAGCCTGAGAGCCGAGGACACGGCCGTATATTACTGTGCGAAAGCCTGGCCGAGATATTGTAGTGGTGGTAGCTGTCACGGAATAGATGCTTTTGATATCTGGGGCCAAGGGACAATGGTCACCGTCTCTTCA,GAGGTGCACCTGGTGGAATCTGGGGGAGGCATGGTACAGCCTGGGGGGTCCCTGAGACTCTCCTGTGCAGCCTCTGGATTCACCTTTAGCAGTTATGCCATGAACTGGGCCCGCCAGGCTCCGGGGAAGGGGCTGGAGTGGGTCTCAAGTATCAGTGCTGGTGGCGAAACCACATTTTACGCAGACTCCGTGCAGGGCCGGTTCACCATCTCCAGAGACAATTCCAACATAACTTTGCATCTTCAGATGAACAGCCTGAGAGCCGAAGACACGGCCGTCTATTATTGTGCGAAAGCCTGGCCGAGATATTGTAGTGGTGGTATCTGTCACGGAATAGATGCTTTTCATGTCTGGGGCCAAGGGACAACGGTCACCGTCTCTTCC,IGHV3-23*04,IGHJ3*02,75,96,150,171,288,348,GACATCCAGATGACCCAGTCTCCATCCTCCCTGTCTGCATCTGTAGGAGACAGAGTCACCATCACTTGCCGGGCAAGTCAGAGCATTAGCAGCTATTTAAATTGGTATCAGCAGAAACCAGGGAAAGCCCCTAAGCTCCTGATCTATGCTGCATCCAGTTTGCAAAGTGGGGTCCCATCAAGGTTCAGTGGCAGTGGATCTGGGACAGATTTCACTCTCACCATCAGCAGTCTGCAACCTGAAGATTTTGCAACTTACTACTGTCAACAGAGTTACAGTCTGTGGACGTTCGGCCAAGGGACCAAGGTGGAAATCAAA,AACATCCAGATGACCCAGTCTCCATCCTCCCTGTCTGCATCTGTTGGAGACAGAGTCACCATCACTTGCCGGGCAAGTCAGAGTATTAGTACTTATTTACATTGGTATCAGCAGACGCCAGGGAAAGCCCCTGTTCTCCTGATTTATGATGCATCCAAGGTGAAGAGTGGGGTCCCGTCGCGCTTCAATGGCAGTGGAGCTGGGACACACTTCGCTCTCACCATCAGCAGTCTGCAACCTGAAGATGTTGCTACTTACTACTGTCAACAGAGTTTCAGTCTGTGGACGTTCGGCCAGGGGACCAAGGTGGAAATCACG,IGKV1D-39*01,IGKJ1*01,78,93,147,153,264,285,kappa,0.1114025085,1,0.1114025085,True,False
23,d1,129355-igk-129355,Node1,AACACGTTCAGCTCTC-1-1279051_contig_h,GAGGTGCACCTGGTGGAATCTGGGGGAGGCATGGTACAGCCTGGGGGGTCCCTGAGACTCTCCTGTGCAGCCTCTGGATTCACCTTTAGCAGTTATGCCATGAACTGGGCCCGCCAGGCTCCGGGGAAGGGGCTGGAGTGGGTCTCAAGTATCAGTGCTGGTGGCGAAACCACATTTTACGCAGACTCCGTGCAGGGCCGGTTCACCATCTCCAGAGACAATTCCAACATAACTTTGCATCTTCAGATGAACAGCCTGAGAGCCGAAGACACGGCCGTCTATTATTGTGCGAAAGCCTGGCCGAGATATTGTAGTGGTGGTATCTGTCACGGAATAGATGCTTTTCATGTCTGGGGCCAAGGGACAACGGTCACCGTCTCTTCC,GAGGTGCACCTGGTGGAATCTGGGGGAGGCATGGTACAGCCTGGGGGGTCCCTGAGACTCTCCTGTGCAGCCTCTGGATTCACCTTTAGCAGTTATGCCATGAACTGGGCCCGCCAGGCTCCGGGGAAGGGGCTGGAGTGGGTCTCAAGTATCAGTGCTGGTGGCGAAACCACATTTTACGCAGACTCCGTGCAGGGCCGGTTCACCATCTCCAGAGACAATTCCAACATAACTTTGCATCTTCAGATGAACAGCCTGAGAGCCGAAGACACGGCCGTCTATTATTGTGCGAAAGCCTGGCCGAGATATTGTAGTGGTGGTATCTGTCACGGAATAGATGCTTTTCATGTCTGGGGCCAAGGGACAACGGTCACCGTCTCTTCC,IGHV3-23*04,IGHJ3*02,75,96,150,171,288,348,AACATCCAGATGACCCAGTCTCCATCCTCCCTGTCTGCATCTGTTGGAGACAGAGTCACCATCACTTGCCGGGCAAGTCAGAGTATTAGTACTTATTTACATTGGTATCAGCAGACGCCAGGGAAAGCCCCTGTTCTCCTGATTTATGATGCATCCAAGGTGAAGAGTGGGGTCCCGTCGCGCTTCAATGGCAGTGGAGCTGGGACACACTTCGCTCTCACCATCAGCAGTCTGCAACCTGAAGATGTTGCTACTTACTACTGTCAACAGAGTTTCAGTCTGTGGACGTTCGGCCAGGGGACCAAGGTGGAAATCACG,AACATCCAGATGACCCAGTCTCCATCCTCCCTGTCTGCATCTGTTGGAGACAGAGTCACCATCACTTGCCGGGCAAGTCAGAGTATTAGTACTTATTTACATTGGTATCAGCAGACGCCAGGGAAAGCCCCTGTTCTCCTGATTTATGATGCATCCAAGGTGAAGAGTGGGGTCCCGTCGCGCTTCAATGGCAGTGGAGCTGGGACACACTTCGCTCTCACCATCAGCAGTCTGCAACCTGAAGATGTTGCTACTTACTACTGTCAACAGAGTTTCAGTCTGTGGACGTTCGGCCAGGGGACCAAGGTGGAAATCACG,IGKV1D-39*01,IGKJ1*01,78,93,147,153,264,285,kappa,1e-06,2,0.1114035085,False,True
24,d1,129355-igk-129355,Node1,TATCAGGCACATCCGG-1-1279051_contig_h,GAGGTGCACCTGGTGGAATCTGGGGGAGGCATGGTACAGCCTGGGGGGTCCCTGAGACTCTCCTGTGCAGCCTCTGGATTCACCTTTAGCAGTTATGCCATGAACTGGGCCCGCCAGGCTCCGGGGAAGGGGCTGGAGTGGGTCTCAAGTATCAGTGCTGGTGGCGAAACCACATTTTACGCAGACTCCGTGCAGGGCCGGTTCACCATCTCCAGAGACAATTCCAACATAACTTTGCATCTTCAGATGAACAGCCTGAGAGCCGAAGACACGGCCGTCTATTATTGTGCGAAAGCCTGGCCGAGATATTGTAGTGGTGGTATCTGTCACGGAATAGATGCTTTTCATGTCTGGGGCCAAGGGACAACGGTCACCGTCTCTTCC,GAGGTGCACCTGGTGGAATCTGGGGGAGGCATGGTACAGCCTGGGGGGTCCCTGAGACTCTCCTGTGCAGCCTCTGGATTCACCTTTAGCAGTTATGCCATGAACTGGGCCCGCCAGGCTCCGGGGAAGGGGCTGGAGTGGGTCTCAAGTATCAGTGCTGGTGGCGAAACCACATTTTACGCAGACTCCGTGCAGGGCCGGTTCACCATCTCCAGAGACAATTCCAACATAACTTTGCATCTTCAGATGAACAGCCTGAGAGCCGAAGACACGGCCGTCTATTATTGTGCGAAAGCCTGGCCGAGATATTGTAGTGGTGGTATCTGTCACGGAATAGATGCTTTTCATGTCTGGGGCCAAGGGACAACGGTCACCGTCTCTTCC,IGHV3-23*04,IGHJ3*02,75,96,150,171,288,348,AACATCCAGATGACCCAGTCTCCATCCTCCCTGTCTGCATCTGTTGGAGACAGAGTCACCATCACTTGCCGGGCAAGTCAGAGTATTAGTACTTATTTACATTGGTATCAGCAGACGCCAGGGAAAGCCCCTGTTCTCCTGATTTATGATGCATCCAAGGTGAAGAGTGGGGTCCCGTCGCGCTTCAATGGCAGTGGAGCTGGGACACACTTCGCTCTCACCATCAGCAGTCTGCAACCTGAAGATGTTGCTACTTACTACTGTCAACAGAGTTTCAGTCTGTGGACGTTCGGCCAGGGGACCAAGGTGGAAATCACG,AACATCCAGATGACCCAGTCTCCATCCTCCCTGTCTGCATCTGTTGGAGACAGAGTCACCATCACTTGCCGGGCAAGTCAGAGTATTAGTACTTATTTACATTGGTATCAGCAGACGCCAGGGAAAGCCCCTGTTCTCCTGATTTATGATGCATCCAAGGTGAAGAGTGGGGTCCCGTCGCGCTTCAATGGCAGTGGAGCTGGGACACACTTCGCTCTCACCATCAGCAGTCTGCAACCTGAAGATGTTGCTACTTACTACTGTCAACAGAGTTTCAGTCTGTGGACGTTCGGCCAGGGGACCAAGGTGGAAATCACG,IGKV1D-39*01,IGKJ1*01,78,93,147,153,264,285,kappa,1e-06,2,0.1114035085,False,True
94573,d4,10002-igk-10002,naive,Node1,GAGGTGCAGCTGGTGGAGTCCGGGGGAGGCTTAGTTCAGCCTGGGGGGTCCCTGAGACTCTCCTGTGCAGCCTCTGGATTCACCTTCAGTAGCTACTGGATGCACTGGGTCCGCCAAGCTCCAGGGAAGGGGCTGGTGTGGGTCTCACGTATTAATAGTGATGGGAGTAGCACAAGCTACGCGGACTCCGTGAAGGGCCGATTCACCATCTCCAGAGACAACGCCAAGAACACGCTGTATCTGCAAATGAACAGTCTGAGAGCCGAGGACACGGCTGTGTATTACTGTGCAACCTATGGTTCGGATCTAGCCGCCGATGCTTTTGATATCTGGGGCCAAGGGACAATGGTCACCGTCTCTTCA,GCGTTCCGGCTGGTGGAGTCCGGGGGCGCCTCAGTTCTGCCGGGGGGCTCCCTGAGACTCTCCTGTGAGGCCTCTGGATTCCCTTTCAGCAACTACTGGATGCACTGGGTCCGCCAGGCTCCAGGGCAGGGGCTGGAGTGGGTCTCACGTGTTAATGGCGATGGAAGGAGAGTCGACTACGCGGACTCCGTCGAGGGCCGATTCACCGTCTCCAGAGACAACGCCAAGAGCAGGGTGTTTCTGCAAATGAATAGTCTGAGAGTCGAAGACACGGCTGTCTATTACTGTGTAACCTATCCCTCGGATCTAGCCGCCGATGCTTTTGATATGTGGGGCCAGGGGACATTGGTCACCGTCTCTTCG,IGHV3-74*01,IGHJ3*02,75,96,150,171,288,327,GACATCGTGATGACCCAGTCTCCAGACTCCCTGGCTGTGTCTCTGGGCGAGAGGGCCACCATCAACTGCAAGTCCAGCCAGAGTGTTTTATACAGCTCCAACAATAAGAACTACTTAGCTTGGTACCAGCAGAAACCAGGACAGCCTCCTAAGCTGCTCATTTACTGGGCATCTACCCGGGAATCCGGGGTCCCTGACCGATTCAGTGGCAGCGGGTCTGGGACAGATTTCACTCTCACCATCAGCAGCCTGCAGGCTGAAGATGTGGCAGTTTATTACTGTCAGCAATATTATAGTACTCCTCCGCTCACTTTCGGCCCTGGGACCAAAGTGGATATCAAA,GACATCGTTATGACCCAGTCTCCACACTCCCTGGCTGTGTCTCTGGGCGAGAGGGCCACCATCAACTGCAAGTCCAGCCGGACTCTTTTAAAAGACCTCGACAACAACAACTACTTGGCTTGGTACCAGAAGAAGCCAGGCCAGCCTCCTAAGTTGCTCTTTTATTGGGCGTCTACCCGGGAATCCGGGGTCCCTGACCGATTTGGTGCCAGCGGGTCTGGGACAGATTTCACTCTCACCATCACCGGCCTGCAGGCTGAGGATGCGGCAGTTTACTACTGTCAGCAATATTATGGGACTCCTCCGCTCACTTTCGGCCCTGGGACCAAAGTGGAGATCAGA,IGKV4-1*01,IGKJ3*01,78,111,165,171,282,309,kappa,0.1391505237,1,0.1391505237,True,False
94574,d4,10002-igk-10002,Node1,ACCAGTAGTATAGGGC-1-1287173_contig_h,GCGTTCCGGCTGGTGGAGTCCGGGGGCGCCTCAGTTCTGCCGGGGGGCTCCCTGAGACTCTCCTGTGAGGCCTCTGGATTCCCTTTCAGCAACTACTGGATGCACTGGGTCCGCCAGGCTCCAGGGCAGGGGCTGGAGTGGGTCTCACGTGTTAATGGCGATGGAAGGAGAGTCGACTACGCGGACTCCGTCGAGGGCCGATTCACCGTCTCCAGAGACAACGCCAAGAGCAGGGTGTTTCTGCAAATGAATAGTCTGAGAGTCGAAGACACGGCTGTCTATTACTGTGTAACCTATCCCTCGGATCTAGCCGCCGATGCTTTTGATATGTGGGGCCAGGGGACATTGGTCACCGTCTCTTCG,GCGTTCCGGCTGGTGGAGTCCGGGGGCGCCTCAGTTCTGCCGGGGGGCTCCCTGAGACTCTCCTGTGAGGCCTCTGGATTCCCTTTCAGCAACTACTGGATGCACTGGGTCCGCCAGGCTCCAGGGCAGGGGCTGGAGTGGGTCTCACGTGTTAATGGCGATGGAAGGAGAGTCGACTACGCGGACTCCGTCGAGGGCCGATTCACCGTCTCCAGAGACAACGCCAAGAGCAGGGTGTTTCTGCAAATGAATAGTCTGAGAGTCGAAGACACGGCTGTCTATTACTGTGTAACCTATCCCTCGGATCTAGCCGCCGATGCTTTTGATATGTGGGGCCAGGGGACATTGGTCACCGTCTCTTCG,IGHV3-74*01,IGHJ3*02,75,96,150,171,288,327,GACATCGTTATGACCCAGTCTCCACACTCCCTGGCTGTGTCTCTGGGCGAGAGGGCCACCATCAACTGCAAGTCCAGCCGGACTCTTTTAAAAGACCTCGACAACAACAACTACTTGGCTTGGTACCAGAAGAAGCCAGGCCAGCCTCCTAAGTTGCTCTTTTATTGGGCGTCTACCCGGGAATCCGGGGTCCCTGACCGATTTGGTGCCAGCGGGTCTGGGACAGATTTCACTCTCACCATCACCGGCCTGCAGGCTGAGGATGCGGCAGTTTACTACTGTCAGCAATATTATGGGACTCCTCCGCTCACTTTCGGCCCTGGGACCAAAGTGGAGATCAGA,GACATCGTTATGACCCAGTCTCCACACTCCCTGGCTGTGTCTCTGGGCGAGAGGGCCACCATCAACTGCAAGTCCAGCCGGACTCTTTTAAAAGACCTCGACAACAACAACTACTTGGCTTGGTACCAGAAGAAGCCAGGCCAGCCTCCTAAGTTGCTCTTTTATTGGGCGTCTACCCGGGAATCCGGGGTCCCTGACCGATTTGGTGCCAGCGGGTCTGGGACAGATTTCACTCTCACCATCACCGGCCTGCAGGCTGAGGATGCGGCAGTTTACTACTGTCAGCAATATTATGGGACTCCTCCGCTCACTTTCGGCCCTGGGACCAAAGTGGAGATCAGA,IGKV4-1*01,IGKJ3*01,78,111,165,171,282,309,kappa,1e-06,2,0.1391515237,False,True
94575,d4,10002-igk-10002,Node1,AGGTCATTCTCAAGTG-1-1279071_contig_h,GCGTTCCGGCTGGTGGAGTCCGGGGGCGCCTCAGTTCTGCCGGGGGGCTCCCTGAGACTCTCCTGTGAGGCCTCTGGATTCCCTTTCAGCAACTACTGGATGCACTGGGTCCGCCAGGCTCCAGGGCAGGGGCTGGAGTGGGTCTCACGTGTTAATGGCGATGGAAGGAGAGTCGACTACGCGGACTCCGTCGAGGGCCGATTCACCGTCTCCAGAGACAACGCCAAGAGCAGGGTGTTTCTGCAAATGAATAGTCTGAGAGTCGAAGACACGGCTGTCTATTACTGTGTAACCTATCCCTCGGATCTAGCCGCCGATGCTTTTGATATGTGGGGCCAGGGGACATTGGTCACCGTCTCTTCG,GCGTTCCGGCTGGTGGAGTCCGGGGGCGCCTCAGTTCTGCCGGGGGGCTCCCTGAGACTCTCCTGTGAGGCCTCTGGATTCCCTTTCAGCAACTACTGGATGCACTGGGTCCGCCAGGCTCCAGGGCAGGGGCTGGAGTGGGTCTCACGTGTTAATGGCGATGGAAGGAGAGTCGACTACGCGGACTCCGTCGAGGGCCGATTCACCGTCTCCAGAGACAACGCCAAGAGCAGGGTGTTTCTGCAAATGAATAGTCTGAGAGTCGAAGACACGGCTGTCTATTACTGTGTAACCTATCCCTCGGATCTAGCCGCCGATGCTTTTGATATGTGGGGCCAGGGGACATTGGTCACCGTCTCTTCG,IGHV3-74*01,IGHJ3*02,75,96,150,171,288,327,GACATCGTTATGACCCAGTCTCCACACTCCCTGGCTGTGTCTCTGGGCGAGAGGGCCACCATCAACTGCAAGTCCAGCCGGACTCTTTTAAAAGACCTCGACAACAACAACTACTTGGCTTGGTACCAGAAGAAGCCAGGCCAGCCTCCTAAGTTGCTCTTTTATTGGGCGTCTACCCGGGAATCCGGGGTCCCTGACCGATTTGGTGCCAGCGGGTCTGGGACAGATTTCACTCTCACCATCACCGGCCTGCAGGCTGAGGATGCGGCAGTTTACTACTGTCAGCAATATTATGGGACTCCTCCGCTCACTTTCGGCCCTGGGACCAAAGTGGAGATCAGA,GACATCGTTATGACCCAGTCTCCACACTCCCTGGCTGTGTCTCTGGGCGAGAGGGCCACCATCAACTGCAAGTCCAGCCGGACTCTTTTAAAAGACCTCGACAACAACAACTACTTGGCTTGGTACCAGAAGAAGCCAGGCCAGCCTCCTAAGTTGCTCTTTTATTGGGCGTCTACCCGGGAATCCGGGGTCCCTGACCGATTTGGTGCCAGCGGGTCTGGGACAGATTTCACTCTCACCATCACCGGCCTGCAGGCTGAGGATGCGGCAGTTTACTACTGTCAGCAATATTATGGGACTCCTCCGCTCACTTTCGGCCCTGGGACCAAAGTGGAGATCAGA,IGKV4-1*01,IGKJ3*01,78,111,165,171,282,309,kappa,1e-06,2,0.1391515237,False,True
146063,d4,100043-igk-100043,naive,Node1,GAGGTGCAGCTGGTGGAGTCTGGGGGAGGCTTGGTACAGCCAGGGCGGTCCCTGAGACTCTCCTGTACAGCTTCTGGATTCACCTTTGGTGATTATGCTATGAGCTGGGTCCGCCAGGCTCCAGGGAAGGGGCTGGAGTGGGTAGGTTTCATTAGAAGCAAAGCTTATGGTGGGACAACAGAATACGCCGCGTCTGTGAAAGGCAGATTCACCATCTCAAGAGATGATTCCAAAAGCATCGCCTATCTGCAAATGAACAGCCTGAAAACCGAGGACACAGCCGTGTATTACTGTACTAGAGAAAAGACAGGCCTTGACTACTGGGGCCAGGGAACCCTGGTCACCGTCTCCTCA,GAGGTGCAGCTGGTGGAGTCTGGGGGAGGCTTGGTACAGCCAGGGCGGTCCCTGAGACTCTCCTGTACAGCCTCTGGATTCACCTTTGGCGATTATGCTATGACCTGGGTCCGCCAGGCTCCAGGGAAGGGGCTGGAGTGGGTAGGTTTCATTAGAAGGAAAGCTTATGGTGGGACAACGGAATACGCCGCGTCTGTGAAAGGCAGATTCAGCATCTCAAGAGATGATTCCAAAAGCATCGCCTATCTGCAAATGAACAGCCTGAAAACCGAGGACACAGCCGTGTATTACTGTACTAGAGAAAAGACAGGCCTTGACTACTGGGGCCAGGGAACCCTGGTCACCGTCTCCTCA,IGHV3-49*04,IGHJ4*02,75,96,150,177,294,318,GACATCCAGATGACCCAGTCTCCTTCCACCCTGTCTGCATCTGTAGGAGACAGAGTCACCATCACTTGCCGGGCCAGTCAGAGTATTAGTAGCTGGTTGGCCTGGTATCAGCAGAAACCAGGGAAAGCCCCTAAGCTCCTGATCTATAAGGCATCTAGTTTAGAAAGTGGGGTCCCATCAAGGTTCAGCGGCAGTGGATCTGGGACAGAATTCACTCTCACCATCAGCAGCCTGCAGCCTGATGATTTTGCAACTTATTACTGCCAACAGTATAATAGTTCCACGTGGACGTTCGGCCAAGGGACCAAGGTGGAAATCAAA,GACATCCAGATGACCCAGTCTCCTTCCACCCTGTCTGCATCTGTAGGAGACAGAGTCACCATCACTTGCCGGGCCAGTCAGAGTATTAGTACCTGGTTGGCCTGGTATCAGCAGAAACCAGGGAAAGCCCCTAAGCTGCTGATTTATAAGGCATCTAGTTTACAAAGTGGGGTCCCATCAAGGTTCAGCGGCAGTGGATCTGGGACAGAATTCACTCTCACCATCAGCAGCCTGCAGCCTGATGATTTTGCAACTTATTACTGCCAACAGTATAGTACTTCCACGTGGACGTTCGGCCAAGGGACCAAGGTGGAAATCAAA,IGKV1-5*04,IGKJ1*01,78,93,147,153,264,288,kappa,0.0192269308,1,0.0192269308,True,False
146064,d4,100043-igk-100043,Node1,CAAGATCAGGATATAC-1-1287166_contig_h,GAGGTGCAGCTGGTGGAGTCTGGGGGAGGCTTGGTACAGCCAGGGCGGTCCCTGAGACTCTCCTGTACAGCCTCTGGATTCACCTTTGGCGATTATGCTATGACCTGGGTCCGCCAGGCTCCAGGGAAGGGGCTGGAGTGGGTAGGTTTCATTAGAAGGAAAGCTTATGGTGGGACAACGGAATACGCCGCGTCTGTGAAAGGCAGATTCAGCATCTCAAGAGATGATTCCAAAAGCATCGCCTATCTGCAAATGAACAGCCTGAAAACCGAGGACACAGCCGTGTATTACTGTACTAGAGAAAAGACAGGCCTTGACTACTGGGGCCAGGGAACCCTGGTCACCGTCTCCTCA,GAGGTGCAGCTGGTGGAGTCTGGGGGAAACTTGGCACAGCCAGGGCGGTCCCTGAGACTCTCCTGTACAGCCTCTGGATTCCCCTTTGGCGATTATGCTATAACCTGGGTCCGCCAGGCTCCAGGGAAGGGGCTGGAGTGGGTAGGTTTCATTAGAGGGGAAGCTTATGGTGGGACAACGGAATACGCCGCGTCTGTGAAAGGCAGATTCAGTATCTCAAGAGATGATTCCAAAAGCATCGCCTATCTGCAAATGAATAGCCTGAAAACCGAGGACACAGCCGTGTATTACTGTACTAGAGAAAAGACAGGCCTTGACTACTGGGGCCAGGGAACCCTGGTCACCGTCTCCTCA,IGHV3-49*04,IGHJ4*02,75,96,150,177,294,318,GACATCCAGATGACCCAGTCTCCTTCCACCCTGTCTGCATCTGTAGGAGACAGAGTCACCATCACTTGCCGGGCCAGTCAGAGTATTAGTACCTGGTTGGCCTGGTATCAGCAGAAACCAGGGAAAGCCCCTAAGCTGCTGATTTATAAGGCATCTAGTTTACAAAGTGGGGTCCCATCAAGGTTCAGCGGCAGTGGATCTGGGACAGAATTCACTCTCACCATCAGCAGCCTGCAGCCTGATGATTTTGCAACTTATTACTGCCAACAGTATAGTACTTCCACGTGGACGTTCGGCCAAGGGACCAAGGTGGAAATCAAA,GACATCCAGATGACCCAGTCTCCTTCCACCCTGTCTGCATCTGTAGGAGACAGAGTCACCATCACTTGCCGGGCCAGTCAGAGTATTAGTGTCTGGTTGGCCTGGTATCAGCAGACACCAGGGAAGGCCCCTAACCTGCTGATTTATAGGGCATCTAGTTTACAAAGTGGGGTCCCATCAAGGTTCAGCGGCAGTGGATCTGGGACAGAATTCACTCTCACCATCAGCAGCCTGCAGCCTGATGATTTTGCAACTTATTATTGCCAACAGTATAGTACTTTCACGTGGACGTTCGGCCAAGGGACCAAGGTGGAAATCAAA,IGKV1-5*04,IGKJ1*01,78,93,147,153,264,288,kappa,0.0265335543,2,0.0457604851,False,True
146065,d4,100043-igk-100043,Node1,Node2,GAGGTGCAGCTGGTGGAGTCTGGGGGAGGCTTGGTACAGCCAGGGCGGTCCCTGAGACTCTCCTGTACAGCCTCTGGATTCACCTTTGGCGATTATGCTATGACCTGGGTCCGCCAGGCTCCAGGGAAGGGGCTGGAGTGGGTAGGTTTCATTAGAAGGAAAGCTTATGGTGGGACAACGGAATACGCCGCGTCTGTGAAAGGCAGATTCAGCATCTCAAGAGATGATTCCAAAAGCATCGCCTATCTGCAAATGAACAGCCTGAAAACCGAGGACACAGCCGTGTATTACTGTACTAGAGAAAAGACAGGCCTTGACTACTGGGGCCAGGGAACCCTGGTCACCGTCTCCTCA,GAGGTGCAGCTGGTGGAGTCTGGGGGAGGCTTGGTTCAGCCAGGGCGGTCCCTGAGACTCTCCTGTACAGCCTCTGGATTCACCTTTGGCGATTATGCTATGACCTGGGTCCGCCAGGCTCCAGGGAAGGGGCTGGAGTGGGTAGGTTTCATTAGAAGGAAAGCTTATGGTGAGACGACGGAATACGCCGCGTCTGTGAAAGGCAGATTCAGCATCTCAAGAGATGATTCCAAAAGCATCGCCTATCTGCAAATGAACAGCCTGAAAACCGAGGACACAGCCGTGTATTATTGTGCTAGAGAAAAGACAGGCCTTGACTTCTGGGGCCAGGGAACCCTGGTCACCGTCTCCTCA,IGHV3-49*04,IGHJ4*02,75,96,150,177,294,318,GACATCCAGATGACCCAGTCTCCTTCCACCCTGTCTGCATCTGTAGGAGACAGAGTCACCATCACTTGCCGGGCCAGTCAGAGTATTAGTACCTGGTTGGCCTGGTATCAGCAGAAACCAGGGAAAGCCCCTAAGCTGCTGATTTATAAGGCATCTAGTTTACAAAGTGGGGTCCCATCAAGGTTCAGCGGCAGTGGATCTGGGACAGAATTCACTCTCACCATCAGCAGCCTGCAGCCTGATGATTTTGCAACTTATTACTGCCAACAGTATAGTACTTCCACGTGGACGTTCGGCCAAGGGACCAAGGTGGAAATCAAA,GACATCCAGATGACCCAGTCTCCTTCCACCCTGTCTGCATCTGTAGGAGACAGAGTCACCATCACTTGCCGGGCCAGTCAGAGTATTAGTACCTGGTTGGCCTGGTATCAGCAGAAACCAGGGAAAGCCCCTAAGCAGCTGATTTATAAGGCATCTAGTTTACAAAGTGGGGTCCCATCAAGGTTCAGCGGCAGTGGATCTGGGACAGAATTCACTCTCACCATCAACAACCTGCAGCCTGATGATTTTGCAACTTATTACTGCCAACAGTATAGTACTTCCACGTGGACGTTCGGCCAAGGGACCAAGGTGGAAATCAAA,IGKV1-5*04,IGKJ1*01,78,93,147,153,264,288,kappa,0.0166240098,2,0.0358509406,False,False
146066,d4,100043-igk-100043,Node2,CACAGTAAGAATCTCC-1-1287173_contig_h,GAGGTGCAGCTGGTGGAGTCTGGGGGAGGCTTGGTTCAGCCAGGGCGGTCCCTGAGACTCTCCTGTACAGCCTCTGGATTCACCTTTGGCGATTATGCTATGACCTGGGTCCGCCAGGCTCCAGGGAAGGGGCTGGAGTGGGTAGGTTTCATTAGAAGGAAAGCTTATGGTGAGACGACGGAATACGCCGCGTCTGTGAAAGGCAGATTCAGCATCTCAAGAGATGATTCCAAAAGCATCGCCTATCTGCAAATGAACAGCCTGAAAACCGAGGACACAGCCGTGTATTATTGTGCTAGAGAAAAGACAGGCCTTGACTTCTGGGGCCAGGGAACCCTGGTCACCGTCTCCTCA,GAGGTGCAGCTGGTGGAGTCTGGGGGAGGCTGGGTTCAGCCAGGGCGGTCCCTGAGACTCTCCTGTACAGCCTCTGGATTCACTTTTGGCGATTATGCTTTGGCCTGGGTCCGCCAGGCTCCAGGGAAGGGGCTGGAGTGGGTAGGTTTCATTAGAAGGAAAGCTTATGATGAGACGACGGAATATGCCGCGTCTGTGAAAGGCAGATTCAGCATGTCAAGGGATGATTCCAAAAGCATCGGCTATCTCCAGATGAACAGCCTGAAAATTGAGGATACAGCCGTGTATTATTGTGCTAGAGAAAAGACAGGCCTTGACTTCTGGGGCCAGGGAACACTGGTCACCGTCTCCCCA,IGHV3-49*04,IGHJ4*02,75,96,150,177,294,318,GACATCCAGATGACCCAGTCTCCTTCCACCCTGTCTGCATCTGTAGGAGACAGAGTCACCATCACTTGCCGGGCCAGTCAGAGTATTAGTACCTGGTTGGCCTGGTATCAGCAGAAACCAGGGAAAGCCCCTAAGCAGCTGATTTATAAGGCATCTAGTTTACAAAGTGGGGTCCCATCAAGGTTCAGCGGCAGTGGATCTGGGACAGAATTCACTCTCACCATCAACAACCTGCAGCCTGATGATTTTGCAACTTATTACTGCCAACAGTATAGTACTTCCACGTGGACGTTCGGCCAAGGGACCAAGGTGGAAATCAAA,GACATCCAGATGACCCAGTCTCCTTCCACCCTGTCTGCATTTGTAGGAGACAGAGTCACCATCACTTGCCGGGCCAGTCAGAGTATTAGTTCCTGGTTGGCCTGGTATCAGCTGAAACCGGGGAAAGCCCCTAAGCAGCTCATCTATAGGGCATCTAATTTGCAAAGTGGGGTCCCATCAAGGTTCAGCGGCAGTGGATCTGGGACAGAATTCACTCTCACCATCAACAACCTGCAGCCTGATGATTTTGCAACTTATTCCTGCCAACAGTATAGTACTTCCACGTGGACGTTCGGCCAAGGGACCAAAGTGGAAGTCAAA,IGKV1-5*04,IGKJ1*01,78,93,147,153,264,288,kappa,0.0462882865,3,0.0821392271,False,True
146067,d4,100043-igk-100043,Node2,CATATGGGTCTCCACT-1-1287175_contig_h,GAGGTGCAGCTGGTGGAGTCTGGGGGAGGCTTGGTTCAGCCAGGGCGGTCCCTGAGACTCTCCTGTACAGCCTCTGGATTCACCTTTGGCGATTATGCTATGACCTGGGTCCGCCAGGCTCCAGGGAAGGGGCTGGAGTGGGTAGGTTTCATTAGAAGGAAAGCTTATGGTGAGACGACGGAATACGCCGCGTCTGTGAAAGGCAGATTCAGCATCTCAAGAGATGATTCCAAAAGCATCGCCTATCTGCAAATGAACAGCCTGAAAACCGAGGACACAGCCGTGTATTATTGTGCTAGAGAAAAGACAGGCCTTGACTTCTGGGGCCAGGGAACCCTGGTCACCGTCTCCTCA,GAGGTGCAGCTGGTGGAATCTGGGGGAGGCTTGGTTCAGCCAGGGCGGTCCCTGAGACTCTCCTGTACAGCCTCTGGATTCACCTTTGGCGATTATGCTATGACCTGGGTCCGCCAGGCTCCAGGGAAGGGGCTGGAGTGGGTAGGTTTCATTAGAAGGCAAGCTTATGCTGAGACGACGGAATACGCCGCGTCTGTGAAAGGCAGATTCAGCATCTCAAGAGATGATTCCAAAAGCATCGCCTATCTACAAATGAGCAGCCTGAAATCCGAGGACACAGCCGTGTATTATTGTGCCAGAGAAAAGACAGGCCTTGACTTCTGGGGCCAGGGAACCCTGGTCACCGTCTCCTCA,IGHV3-49*04,IGHJ4*02,75,96,150,177,294,318,GACATCCAGATGACCCAGTCTCCTTCCACCCTGTCTGCATCTGTAGGAGACAGAGTCACCATCACTTGCCGGGCCAGTCAGAGTATTAGTACCTGGTTGGCCTGGTATCAGCAGAAACCAGGGAAAGCCCCTAAGCAGCTGATTTATAAGGCATCTAGTTTACAAAGTGGGGTCCCATCAAGGTTCAGCGGCAGTGGATCTGGGACAGAATTCACTCTCACCATCAACAACCTGCAGCCTGATGATTTTGCAACTTATTACTGCCAACAGTATAGTACTTCCACGTGGACGTTCGGCCAAGGGACCAAGGTGGAAATCAAA,GACATCCAGATGACCCAGTCTCCTTCCACCCTGTCTGCATCTGTAGGAGACAGAGTCACCATCACTTGCCGGGCCAGTCAGAGTATTAGTACCTGGTTGGCCTGGTATCAGCAGAAACCAGGGAAAGCCCCTAAGCAGCTGATTTATAAGGCATCTAGTTTACAAACTGGGGTCCCATCAAGGTTCAGCGGCAGTGGATCTGGGACAGAGTTCACTCTCACCATCAACAACCTGCAGCCTGATGACTTTGCAGCTTATTACTGCCAACAGTATAGTACTTCCACGTGGACGTTTGGCCAAGGGACCAAGGTGGAAACCAAA,IGKV1-5*04,IGKJ1*01,78,93,147,153,264,288,kappa,0.0207484588,3,0.0565993994,False,True
291043,d1,100044-igk-100044,naive,Node1,CAGGTGCAGCTGGTGGAGTCTGGGGGAGGCGTGGTCCAGCCTGGGAGGTCCCTGAGACTCTCCTGTGCAGCCTCTGGATTCACCTTCAGTAGCTATGCTATGCACTGGGTCCGCCAGGCTCCAGGCAAGGGGCTGGAGTGGGTGGCAGTTATATCATATGATGGAAGTAATAAATACTACGCAGACTCCGTGAAGGGCCGATTCACCATCTCCAGAGACAATTCCAAGAACACGCTGTATCTGCAAATGAACAGCCTGAGAGCTGAGGACACGGCTGTGTATTACTGTGCGAGAGGCCGCCATCTCGGATACAGCTACCACCGGGTTCACATGGACGTCTGGGGCAAAGGGACCACGGTCACCGTCTCCTCA,CAGATGCAGCTGGTGGAGTCTGGGGGAGGTGTGGTCCAGCCTGGGAGGTCCCTGAGACTCTCCTGTGCAGCCTCTGGATTCACCTTCAGTGAATATGGTATGCACTGGGTCCGCCAGGCTCCAGGCAAGGGGCTGGAGTGGGTGGCAGTTATCTCATTTCATGGAAGAACCAAGTATCAAGTAGACTCCGTGAAGGGCCGATTCACCATCTCCAGAGATGATTCCAAGAACACACTGTATCTGGAAATGAGTAGCCTGAGAGCTGAGGACACGGCTGTGTATTACTGTGCGAGAGGCCGCCATCTCGGAAACAACTACCACCGGGTTCACATGGACGTCTGGGGCAAAGGGACCACGGTCACCGTCTCCTCG,IGHV3-30*04,IGHJ6*03,75,96,150,171,288,336,GACATCCAGATGACCCAGTCTCCATCCTCCCTGTCTGCATCTGTAGGAGACAGAGTCACCATCACTTGCCAGGCGAGTCAGGACATTAGCAACTATTTAAATTGGTATCAGCAGAAACCAGGGAAAGCCCCTAAGCTCCTGATCTACGATGCATCCAATTTGGAAACAGGGGTCCCATCAAGGTTCAGTGGAAGTGGATCTGGGACAGATTTTACTTTCACCATCAGCAGCCTGCAGCCTGAAGATATTGCAACATATTACTGTCAACAGTATGATAATCCAATTGTTTTCACTTTCGGCCCTGGGACCAAAGTGGATATCAAA,GACATCCAGATGACCCAGTCTCCATCCTCCCTGTCTGCATCTGTAGGAGACAGAGTCACCATCACCTGCCAGGCGAGTCAGGACATTAGCAACTATTTAAATTGGTATCAACAAAAACCAGGGCAAGCCCCTAAGCTCCTGATCTACGATGCATCCAATTTGGAAACAGGGGTCCCATCAAGGTTCAGTGGAAGTGGATCTGGGACAGATTTTACTTTCACCATCAACAGCCTGCAGTCCGACGATTTTGGAACATATTACTGTCAACACTATGAGTATCCAATTGTTTTCACTTTCGGCCCTGGGACCAAAGTGGAAATCAAA,IGKV1-33*01,IGKJ3*01,78,93,147,153,264,291,kappa,0.074816309,1,0.074816309,True,False
291044,d1,100044-igk-100044,Node1,TATCAGGGTACCGCTG-1-1287207_contig_h,CAGATGCAGCTGGTGGAGTCTGGGGGAGGTGTGGTCCAGCCTGGGAGGTCCCTGAGACTCTCCTGTGCAGCCTCTGGATTCACCTTCAGTGAATATGGTATGCACTGGGTCCGCCAGGCTCCAGGCAAGGGGCTGGAGTGGGTGGCAGTTATCTCATTTCATGGAAGAACCAAGTATCAAGTAGACTCCGTGAAGGGCCGATTCACCATCTCCAGAGATGATTCCAAGAACACACTGTATCTGGAAATGAGTAGCCTGAGAGCTGAGGACACGGCTGTGTATTACTGTGCGAGAGGCCGCCATCTCGGAAACAACTACCACCGGGTTCACATGGACGTCTGGGGCAAAGGGACCACGGTCACCGTCTCCTCG,CAGATGCAGCTGGTGGAGTCTGGGGGAGGTGTGGTCCAGCCTGGGAGGTCCCTGAGACTCTCCTGTGCAGCCTCTGGATTCACCTTCAGTGAATATGGTATGCACTGGGTCCGCCAGGCTCCAGGCAAGGGGCTGAAATGGGTGGCAGTTATCTCATTTCATGGAAGAACGAAGTATCAAGTAGACTCCGTGAAGGGCCGATTCACCATCTCCAGAGATGATTCCAAGAACACACTGTATTTGGAAATGAGTAGCCTGAGAGCTGAGGACACGGCTGTCTATTACTGTGCGAGAGGCCGCCATCTCGGAGACAAGTACCACCGGGTTCACATGGACGTCTGGGGCAAAGGGACCACGATCACCGTCTCCTCG,IGHV3-30*04,IGHJ6*03,75,96,150,171,288,336,GACATCCAGATGACCCAGTCTCCATCCTCCCTGTCTGCATCTGTAGGAGACAGAGTCACCATCACCTGCCAGGCGAGTCAGGACATTAGCAACTATTTAAATTGGTATCAACAAAAACCAGGGCAAGCCCCTAAGCTCCTGATCTACGATGCATCCAATTTGGAAACAGGGGTCCCATCAAGGTTCAGTGGAAGTGGATCTGGGACAGATTTTACTTTCACCATCAACAGCCTGCAGTCCGACGATTTTGGAACATATTACTGTCAACACTATGAGTATCCAATTGTTTTCACTTTCGGCCCTGGGACCAAAGTGGAAATCAAA,GACATCCAGATGACCCAGTCTCCATCCTCCCTGTCTGCATCTGTAGGAGACAGAGTCACCATCACCTGCCAGGCGAGTCAGGACATTAGCGACTATTTAAATTGGTATCAACAAAAACCAGGTCAAGCCCCTAAACTCCTGATCTACGATGCATCCAATTTGGAAACAGGGGTCCCATCAAGGTTCAGTGGAAGTGGATCTGGGACAGATTTTACTTTCACCATCAACAGCCTGCAGTCCGACGATTTTGGAACATATTACTGTCAACACTATGACTATCCAATTGTTTTCACTTTCGGCCCTGGCACCAAAGTGGAAATCAAA,IGKV1-33*01,IGKJ3*01,78,93,147,153,264,291,kappa,0.0202811672,2,0.0950974762,False,True
291045,d1,100044-igk-100044,Node1,TTGCCGTCAGCGTTCG-1-1287207_contig_h,CAGATGCAGCTGGTGGAGTCTGGGGGAGGTGTGGTCCAGCCTGGGAGGTCCCTGAGACTCTCCTGTGCAGCCTCTGGATTCACCTTCAGTGAATATGGTATGCACTGGGTCCGCCAGGCTCCAGGCAAGGGGCTGGAGTGGGTGGCAGTTATCTCATTTCATGGAAGAACCAAGTATCAAGTAGACTCCGTGAAGGGCCGATTCACCATCTCCAGAGATGATTCCAAGAACACACTGTATCTGGAAATGAGTAGCCTGAGAGCTGAGGACACGGCTGTGTATTACTGTGCGAGAGGCCGCCATCTCGGAAACAACTACCACCGGGTTCACATGGACGTCTGGGGCAAAGGGACCACGGTCACCGTCTCCTCG,CAAATGCAACTGGTGGAGTCTGGGGGAGGTGTGGTCCAGCCTGGGAGGTCCCTGAGACTCTCCTGTGTAGCCTCTGGATTCACCTTCAGTGAATATGGTATGCACTGGGTCCGCCAGGCTCCAGGCAAGGGGCTGGAGTGGGTGGCAGTTATCTCATTTCATGGAAGAACCAAGTATCGAGTAGACTCCGTGAAGGGCCGATTCACCATCTCCAGAGATGATTCCAAGAACACACTGTATCTGGAAATGAGTAGCCTGAGAGCTGAGGACACGGCTGTGTATTACTGTGCGAGAGGCCGCCATCTCGGAAACAACTACCACCGGGTTCACATGGACGTCTGGGGCAAAGGGACCACGGTCACCGTCTCCGCG,IGHV3-30*04,IGHJ6*03,75,96,150,171,288,336,GACATCCAGATGACCCAGTCTCCATCCTCCCTGTCTGCATCTGTAGGAGACAGAGTCACCATCACCTGCCAGGCGAGTCAGGACATTAGCAACTATTTAAATTGGTATCAACAAAAACCAGGGCAAGCCCCTAAGCTCCTGATCTACGATGCATCCAATTTGGAAACAGGGGTCCCATCAAGGTTCAGTGGAAGTGGATCTGGGACAGATTTTACTTTCACCATCAACAGCCTGCAGTCCGACGATTTTGGAACATATTACTGTCAACACTATGAGTATCCAATTGTTTTCACTTTCGGCCCTGGGACCAAAGTGGAAATCAAA,GACATCCAGATGACCCAGTCTCCATCCTCCCTGTCTGCATCTGTAGGAGACAGAGTCACCATCACCTGCCAGGCGAGTCAGGACATTAGCAACTATTTAAATTGGTTTCAACAAAAACCAGGGCAAGCCCCTAAGCTCCTGATCTACGATGCATCCAATTTGGAAACAGGGGTCCCATCAAGGTTCAGTGGAAGTGGATCTGGGACAGATTTTACTTTCACCATCAACAGCCTGCAGTCCGACGATTTTGGAACATATTACTGTCAACACTATGAGTATCCAATTGTTTTCACTTTCGGCCCTGGGACCAAAGTGGAAATCAGA,IGKV1-33*01,IGKJ3*01,78,93,147,153,264,291,kappa,0.011286574,2,0.0861028829999999,False,True
311516,d1,100022-igk-100022,naive,Node1,GAGGTGCAGCTGGTGGAGTCCGGGGGAGGCTTAGTTCAGCCTGGGGGGTCCCTGAGACTCTCCTGTGCAGCCTCTGGATTCACCTTCAGTAGCTACTGGATGCACTGGGTCCGCCAAGCTCCAGGGAAGGGGCTGGTGTGGGTCTCACGTATTAATAGTGATGGGAGTAGCACAAGCTACGCGGACTCCGTGAAGGGCCGATTCACCATCTCCAGAGACAACGCCAAGAACACGCTGTATCTGCAAATGAACAGTCTGAGAGCCGAGGACACGGCTGTGTATTACTGTGCAAGGCAGTATTACTATGGTTCGGGGAGTACACTCTACGGTATGGACGTCTGGGGCCAAGGGACCACGGTCACCGTCTCCTCA,GAGGTGCAGCTGGTGGAGTCCGGGGGAGGCTTAGTTCAGCCTGGGGGGTCCCTGAGACTCTCCTGTGCAGCCTCTGGATTCACCTTCAGTACCTACTGGATGCACTGGGTCCGCCAAGCTCCAGGGAAGGGGCTGGTGTGGGTCTCACGTATTAATAGTGATGGGAGTAGCACAAGTTACGCGGACTCCGTGAAGGGCCGATTCACCATCTCCAGAGACAACGCCAAGAACACGCTGTATCTGCAAATGAACAGTCTGAGAGCCGAGGACACGGCTGTGTATTACTGTGCAAGGCAGTATTACTATGGTTCGGGGAGTACACTCTACGGTATGGACGTCTGGGGCCAAGGGACCACGGTCACCGTCTCCTCA,IGHV3-74*01,IGHJ6*02,75,96,150,171,288,336,GAAATTGTGTTGACGCAGTCTCCAGGCACCCTGTCTTTGTCTCCAGGGGAAAGAGCCACCCTCTCCTGCAGGGCCAGTCAGAGTGTTAGCAGCAGCTACTTAGCCTGGTACCAGCAGAAACCTGGCCAGGCTCCCAGGCTCCTCATCTATGGTGCATCCAGCAGGGCCACTGGCATCCCAGACAGGTTCAGTGGCAGTGGGTCTGGGACAGACTTCACTCTCACCATCAGCAGACTGGAGCCTGAAGATTTTGCAGTGTATTACTGTCAGCAGTATGGTAGCTCACCTTTTTTCGGCGGAGGGACCAAGGTGGAGATCAAA,GAAATTGTGTTGACGCAGTCTCCAGGCACCCTGTCTTTGTCTCCAGGGGAAAGAGCCACCCTCTCCTGCAGGGCCAGTCAGAGTGTTAGCAGCAGCTACTTAGCCTGGTACCAGCAGAAACCTGGCCAGGCTCCCAGGCTCCTCATCTATGGTGCATCCAGCAGGGCCACTGGCATCCCAGACAGGTTCAGTGGCAGTGGGTCTGGGACAGACTTCACTCTCACCATCAGCAGACTGGAGCCTGAAGATTTTGCAGTGTATTACTGTCAGCAGTATGGTAGCTCACCTTTTTTCGGCGGAGGGACCAAGGTGGAGATCAAA,IGKV3-20*01,IGKJ4*01,78,96,150,156,267,288,kappa,0.002671662,1,0.002671662,True,False
311517,d1,100022-igk-100022,Node1,TATTACCGTAAGCACG-1-1279053_contig_h,GAGGTGCAGCTGGTGGAGTCCGGGGGAGGCTTAGTTCAGCCTGGGGGGTCCCTGAGACTCTCCTGTGCAGCCTCTGGATTCACCTTCAGTACCTACTGGATGCACTGGGTCCGCCAAGCTCCAGGGAAGGGGCTGGTGTGGGTCTCACGTATTAATAGTGATGGGAGTAGCACAAGTTACGCGGACTCCGTGAAGGGCCGATTCACCATCTCCAGAGACAACGCCAAGAACACGCTGTATCTGCAAATGAACAGTCTGAGAGCCGAGGACACGGCTGTGTATTACTGTGCAAGGCAGTATTACTATGGTTCGGGGAGTACACTCTACGGTATGGACGTCTGGGGCCAAGGGACCACGGTCACCGTCTCCTCA,GAGGTGCAGCTGGTGGAGTCCGGGGGAGGCTTAGTTCAGCCTGGGGGGTCCCTGAGACTCTCCTGTGCAGCCTCTGGATTCACCTTCAGTACGTACTGGATGCACTGGGTCCGCCAAGCTCCAGGAAAGGGGCTGGTATGGGTCTCACGTATTAATAGTGATGGCAGAACCACAAGTTACGCGGACTCCGTGAAGGGCCGACTCACCATCTCCAGAGACAACGCCAAGAACACGCTGTATCTGCAAATGAACAGTCTGAGAGCCGAGGACACGGCTGTGTATTACTGTGCAAGGCAGTATTACTATGGTTCGGGGAATATACTCTACGGTATGGACGTCTGGGGCCAAGGGACCACGGTCACCGTCTCCTCA,IGHV3-74*01,IGHJ6*02,75,96,150,171,288,336,GAAATTGTGTTGACGCAGTCTCCAGGCACCCTGTCTTTGTCTCCAGGGGAAAGAGCCACCCTCTCCTGCAGGGCCAGTCAGAGTGTTAGCAGCAGCTACTTAGCCTGGTACCAGCAGAAACCTGGCCAGGCTCCCAGGCTCCTCATCTATGGTGCATCCAGCAGGGCCACTGGCATCCCAGACAGGTTCAGTGGCAGTGGGTCTGGGACAGACTTCACTCTCACCATCAGCAGACTGGAGCCTGAAGATTTTGCAGTGTATTACTGTCAGCAGTATGGTAGCTCACCTTTTTTCGGCGGAGGGACCAAGGTGGAGATCAAA,GAAATTGTGTTGACGCAGTCTCCAGGCACCCTGTCTTTGTCTCCAGGGGAAGGAGCCACCCTCTCCTGCAGGGCCAGTCAGAGTGTTAGCAACAGCTACTTAGCCTGGTACCAGCAGAAACCTGGCCAGGCTCCCAGGCTCCTCATCTATGGTGCATCCAGCAGGGCCACTGGCATCCCAGACAGGTTCAGTGGCAGTGGGTCTGGGACAGACTTCACTCTCACCATCAGCAGACTGGAGCCTGAAGATTTTGCAGTGTATTACTGTCAGCAGTATGGTAGCTCACCTTTTTTCGGCGGAGGGACCAAGGTGGAGATCAAA,IGKV3-20*01,IGKJ4*01,78,96,150,156,267,288,kappa,0.0164266473,2,0.0190983092999999,False,True
311518,d1,100022-igk-100022,Node1,TCCCGATCATGAAGTA-1-1287203_contig_h,GAGGTGCAGCTGGTGGAGTCCGGGGGAGGCTTAGTTCAGCCTGGGGGGTCCCTGAGACTCTCCTGTGCAGCCTCTGGATTCACCTTCAGTACCTACTGGATGCACTGGGTCCGCCAAGCTCCAGGGAAGGGGCTGGTGTGGGTCTCACGTATTAATAGTGATGGGAGTAGCACAAGTTACGCGGACTCCGTGAAGGGCCGATTCACCATCTCCAGAGACAACGCCAAGAACACGCTGTATCTGCAAATGAACAGTCTGAGAGCCGAGGACACGGCTGTGTATTACTGTGCAAGGCAGTATTACTATGGTTCGGGGAGTACACTCTACGGTATGGACGTCTGGGGCCAAGGGACCACGGTCACCGTCTCCTCA,GAGGCACAGCTGGTGGAGTCCGGGGGAGGCTTAGTTCAGTCTGGGGGGTCCCTGGGACTCTCCTGTGCAGCCTCTGAATTCACCTTCAGGACCTACTGGATGCACTGGGTCCGCCAAGCTCCAGGGAAGGGACTGGTGTGGGTCTCACGTATTAATAGTGATGGGAGTAGCACAAGTTACGCGGACTCCGTGAAGGGCCGATTCACCATCTCCAGAGACAACGCCAAGAACACGCTGTATCTGCAAATGAACAGTCTGAGAGCCGAGGACACGGCTGTGTATTACTGTGCAAGGCAGTTTTATTATGTTGCGGGGAGTACACTCTACGGGATGGACGTCTGGGGCCAAGGGACCACGGTCACCGTCTCCTCA,IGHV3-74*01,IGHJ6*02,75,96,150,171,288,336,GAAATTGTGTTGACGCAGTCTCCAGGCACCCTGTCTTTGTCTCCAGGGGAAAGAGCCACCCTCTCCTGCAGGGCCAGTCAGAGTGTTAGCAGCAGCTACTTAGCCTGGTACCAGCAGAAACCTGGCCAGGCTCCCAGGCTCCTCATCTATGGTGCATCCAGCAGGGCCACTGGCATCCCAGACAGGTTCAGTGGCAGTGGGTCTGGGACAGACTTCACTCTCACCATCAGCAGACTGGAGCCTGAAGATTTTGCAGTGTATTACTGTCAGCAGTATGGTAGCTCACCTTTTTTCGGCGGAGGGACCAAGGTGGAGATCAAA,GAAATTGTGTTGACGCAGTCTCCAGGCACCCTGTCTTTGTCTCCAGGGGAAAGAGCCACCCTCTCCTGCAGGGCCAGTCAGAGTGTTAGCAGCAGCTACTTAGCCTGGTACCAGCAGAAACCTGGCCAGGCTCCCCGGCTCCTCATCTATGGTGCATCCAGCAGGGCCACTGGCATCCCAGACAGGTTCAGTGGCAGTGGGTCTGGGACAGACTTCACTCTCACCATCAGGAGACTGGAGCCTGAAGATTTTGCAGTGTATTACTGTCAGCAGCATGGTAGCTCACCTTTTTTCGGCGGAGGGACCAAGGTGGAGGTCAAA,IGKV3-20*01,IGKJ4*01,78,96,150,156,267,288,kappa,0.0240107961,2,0.0266824581,False,True
351017,d4,100025-igk-100025,naive,Node1,GAGGTGCAGCTGGTGGAGTCTGGGGGAGGCTTGGTACAGCCTGGAGGGTCCCTGAGACTCTCCTGTGCAGCCTCTGGATTCACCTTCAGTAGTTATGAAATGAACTGGGTCCGCCAGGCTCCAGGGAAGGGGCTGGAGTGGGTTTCATACATTAGTAGTAGTGGTAGTACCATATACTACGCAGACTCTGTGAAGGGCCGATTCACCATCTCCAGAGACAACGCCAAGAACTCACTGTATCTGCAAATGAACAGCCTGAGAGCCGAGGACACGGCTGTTTATTACTGTGCGAGAGGCCACTTTTTGTTCGACCCCTGGGGCCAGGGAACCCTGGTCACCGTCTCCTCA,GAGGTGCAGCTGGTGGAGTCTGGGGGAGGCTTGGTACAGCCTGGAGGGTCCCTGAGACTCTCCTGTGCGGCCTCTGGATTCACCTTCAGTAGTTATGACATGAACTGGGTCCGCCAGGCTCCAGGGAAGGGGCTGGAGTGGGTTTCATACATCAGTGCGAGTGGTACTGGCTTCTACTACGCAGACTCTGTGAAGGGCCGATTCACCATCTCCAGAGACAACGCCAAGAACTCAGTGTATCTGCAAATGAACAGCCTGGGAACCGAGGACACGGCTATTTATTACTGTGCGAGAGGCCACTTTTTGTTCGACCCCTGGGGCCAGGGAACCCTGGTCACCGTCTCCTCA,IGHV3-48*03,IGHJ5*02,75,96,150,171,288,312,GATGTTGTGATGACTCAGTCTCCACTCTCCCTGCCCGTCACCCTTGGACAGCCGGCCTCCATCTCCTGCAGGTCTAGTCAAAGCCTCGTACACAGTGATGGAAACACCTACTTGAATTGGTTTCAGCAGAGGCCAGGCCAATCTCCAAGGCGCCTAATTTATAAGGTTTCTAACCGGGACTCTGGGGTCCCAGACAGATTCAGCGGCAGTGGGTCAGGCACTGATTTCACACTGAAAATCAGCAGGGTGGAGGCTGAGGATGTTGGGGTTTATTACTGCATGCAAGGTACACACTGGCCCTGGACGTTCGGCCAAGGGACCAAGGTGGAAATCAAA,GATGTTGTGATGACTCAGTCTCCACTCTCCCTGCCCGTCACCCTTGGACAGCCGGCCTCCATCTCCTGCAGGTCTAGTCAAAGCCTCGTTCACAGTGATGGAAACACCTACTTGATTTGGTTTCAGCAGAGGCCAGGCCAATCTCCAAGGCGCCTAATTTATGAGGTTTCTAACCGGGACTCTGGGGTCCCAGACAGATTCAGCGGCAGTGGGTCAGGCACTGATTTCACACTGAAGATCAGCAGGGTGGAGGCCGAGGATGTTGGGGTTTATTACTGCATGCAAGTTACACACTGGCCCTGGACGTTCGGCCAAGGGACCAAGGTGGAAATCAAA,IGKV2-30*02,IGKJ1*01,78,108,162,168,279,303,kappa,0.0411551789,1,0.0411551789,True,False
351018,d4,100025-igk-100025,Node1,AACTCCCAGTAGTGCG-1-1287174_contig_h,GAGGTGCAGCTGGTGGAGTCTGGGGGAGGCTTGGTACAGCCTGGAGGGTCCCTGAGACTCTCCTGTGCGGCCTCTGGATTCACCTTCAGTAGTTATGACATGAACTGGGTCCGCCAGGCTCCAGGGAAGGGGCTGGAGTGGGTTTCATACATCAGTGCGAGTGGTACTGGCTTCTACTACGCAGACTCTGTGAAGGGCCGATTCACCATCTCCAGAGACAACGCCAAGAACTCAGTGTATCTGCAAATGAACAGCCTGGGAACCGAGGACACGGCTATTTATTACTGTGCGAGAGGCCACTTTTTGTTCGACCCCTGGGGCCAGGGAACCCTGGTCACCGTCTCCTCA,GAGGTGCAGCTGGTGGAGTCTGGGGGAGGCTTGGTACAGCCTGGAGGGTCCCTGAGACTCTCCTGTGCGGCCTCTGGATTCACGTTCAGTAGTTATGACATGAACTGGGTCCGCCAGGCTCCAGGGAAGGGGCTGGAGTGGGTTTCATATATCAGCGCGAGTGGTACTGGCTTCTACTACGCAGACTCTGTGAAGGGCCGATTCACCATCTCCAGAGACAACGCCAAGACCTCAGTGTATCTGCAAATGAACAGCCTGGGAACCGAGGACACGGCTACTTACTACTGTGCGAGAGGCCACTTTTTGTTCGACCCCTGGGGCCAGGGAACCCTGGTCACCGTCTCCTCA,IGHV3-48*03,IGHJ5*02,75,96,150,171,288,312,GATGTTGTGATGACTCAGTCTCCACTCTCCCTGCCCGTCACCCTTGGACAGCCGGCCTCCATCTCCTGCAGGTCTAGTCAAAGCCTCGTTCACAGTGATGGAAACACCTACTTGATTTGGTTTCAGCAGAGGCCAGGCCAATCTCCAAGGCGCCTAATTTATGAGGTTTCTAACCGGGACTCTGGGGTCCCAGACAGATTCAGCGGCAGTGGGTCAGGCACTGATTTCACACTGAAGATCAGCAGGGTGGAGGCCGAGGATGTTGGGGTTTATTACTGCATGCAAGTTACACACTGGCCCTGGACGTTCGGCCAAGGGACCAAGGTGGAAATCAAA,GATGTTGTGATGACTCAGTCTCCACTCTCCCTGCCCGTCACCCTTGGACAGCCGGCCTCCATCTCCTGCAGGTCTAGTCAAAGCCTCGTTCACAGTGATGGAAACACTTACTTGATTTGGTTTCAACAGAGGCCAGGCCGATCTCCAAGGCGCCTAACTTATGAGGTTTCTAACCGGGACTCTGGGGTCCCAGACAGATTCAGCGGCAGTGGGTCAGGCACTGATTTCACACTGAAGATCAGCAGGGTGGAGGCCGAGGATGTTGGGCTTTATTACTGCATGCAAGTTTCATACTGGCCCTGGACGTTCGGCCAAGGGACCAAGGTGGAAATCAAA,IGKV2-30*02,IGKJ1*01,78,108,162,168,279,303,kappa,0.0219898797,2,0.0631450586,False,True
351019,d4,100025-igk-100025,Node1,GGCCGATCAAGAAGAG-1-1279079_contig_h,GAGGTGCAGCTGGTGGAGTCTGGGGGAGGCTTGGTACAGCCTGGAGGGTCCCTGAGACTCTCCTGTGCGGCCTCTGGATTCACCTTCAGTAGTTATGACATGAACTGGGTCCGCCAGGCTCCAGGGAAGGGGCTGGAGTGGGTTTCATACATCAGTGCGAGTGGTACTGGCTTCTACTACGCAGACTCTGTGAAGGGCCGATTCACCATCTCCAGAGACAACGCCAAGAACTCAGTGTATCTGCAAATGAACAGCCTGGGAACCGAGGACACGGCTATTTATTACTGTGCGAGAGGCCACTTTTTGTTCGACCCCTGGGGCCAGGGAACCCTGGTCACCGTCTCCTCA,GAGGCGCAACTGGTGGCGTCTGGGGGAGGCTTGGCACAGCCTGGAGGGTCCCTGAGACTCTCCTGTGCGGCCTCTGGATTCACCTTCAATACTCATGACATGAGTTTTGTCCGCCAGGCTCCAGGGAAGGGTCTGGAGTGGGTTTCATACATCAGTGCAAGTGGTTCTGGCCTTTACTACGCAGACTTTGTGGAGGGCCGATTCACCATCTCCAGAGACAGCGCCAAGAAAATAGTGTATCTGCAAATGAACAGCCTGGTAACCGAGGACACGGCTATTTATTACTGTGCGAGAGGCCACTTTTTGTTCGACCCCTGGGGCCAGGGAACCCTGGTCACCGTCTCCTCA,IGHV3-48*03,IGHJ5*02,75,96,150,171,288,312,GATGTTGTGATGACTCAGTCTCCACTCTCCCTGCCCGTCACCCTTGGACAGCCGGCCTCCATCTCCTGCAGGTCTAGTCAAAGCCTCGTTCACAGTGATGGAAACACCTACTTGATTTGGTTTCAGCAGAGGCCAGGCCAATCTCCAAGGCGCCTAATTTATGAGGTTTCTAACCGGGACTCTGGGGTCCCAGACAGATTCAGCGGCAGTGGGTCAGGCACTGATTTCACACTGAAGATCAGCAGGGTGGAGGCCGAGGATGTTGGGGTTTATTACTGCATGCAAGTTACACACTGGCCCTGGACGTTCGGCCAAGGGACCAAGGTGGAAATCAAA,GATGTTGTGATGACTCAGTCTCCACTCTCCCTGCCCGTCACCCTTGGACAACCGGCCTCCATCTCCTGCAGGTCTAGTCAAAGCCTCGTCCACTTTAATGGAAACACCTACTTGATTTGGTTTCAGCAGAGGCCTGGCCAATCTCCAAGGCGCCTGATTTATGAGATTTCTAACCGGGACTCTGGGGTCCCAGACAGATTCAGCGGCAGTGGGTCAGGCACTGATTTCACACTGAAGATCAGCAGGGTGGAGGCCGAGGATGTTGGGGTTTATTACTGCATGCAAGCTACACACTGGCCCTGGACGTTCGGCCAAGGGACCAAGGTGGAAATCAGA,IGKV2-30*02,IGKJ1*01,78,108,162,168,279,303,kappa,0.0665045107,2,0.1076596896,False,True
