,sample_id,family,parent_name,child_name,parent_heavy,child_heavy,v_gene_heavy,j_gene_heavy,cdr1_codon_start_heavy,cdr1_codon_end_heavy,cdr2_codon_start_heavy,cdr2_codon_end_heavy,cdr3_codon_start_heavy,cdr3_codon_end_heavy,parent_light,child_light,v_gene_light,j_gene_light,cdr1_codon_start_light,cdr1_codon_end_light,cdr2_codon_start_light,cdr2_codon_end_light,cdr3_codon_start_light,cdr3_codon_end_light,light_chain_type,branch_length,depth,distance,parent_is_naive,child_is_leaf
0,sample-A,family-heavy,naive,Node1,AAAAAAAAAAAAAAAAAAAAAAAAAAAAAAAAAAAAAAAAAAAAAAAAAAAAAAAAAAAAAAAAAAAAAAAAAAAAAAAAAAAAAAAAAAAAAAAAAAAAAAAAAAAAAAAAAAAAAAAA,AAAAAAAAAAAATTTAAAAAAAAAAAAAAAAAAAAAAAAAAAAAAAAAAAAAAAAAAAAAAAAAAAAAAAAAAAAAAAAAAAAAAAAAAAAAAAAAAAAAAAAAAAAAAAAAAAAAAAAA,IGHV1-1*01,IGHJ1*01,4,8,12,16,25,35,,,,,,,,,,,,0.1,1,0.1,True,False
1,sample-A,family-heavy,Node1,Tip1,AAAAAAAAAAAATTTAAAAAAAAAAAAAAAAAAAAAAAAAAAAAAAAAAAAAAAAAAAAAAAAAAAAAAAAAAAAAAAAAAAAAAAAAAAAAAAAAAAAAAAAAAAAAAAAAAAAAAAAA,AAAAAAAAAAAATTTAAAAAAAAAAAATTTAAAAAAAAAAAAAAAAAAAAAAAAAAAAAAAAAAAAAAAAAAAAAAAAAAAAAAAAAAAAAAAAAAAAAAAAAAAAAAAAAAAAAAAAAA,IGHV1-1*01,IGHJ1*01,4,8,12,16,25,35,,,,,,,,,,,,0.2,2,0.3,False,True
2,sample-A,family-heavy,Node1,Tip2,AAAAAAAAAAAATTTAAAAAAAAAAAAAAAAAAAAAAAAAAAAAAAAAAAAAAAAAAAAAAAAAAAAAAAAAAAAAAAAAAAAAAAAAAAAAAAAAAAAAAAAAAAAAAAAAAAAAAAAA,AAAAAAAAAAAATTTAAAAAAAAAAAATTTAAAAAAAAAAAATTTAAAAAAAAAAAAAAAAAAAAAAAAAAAAAAAAAAAAAAAAAAAAAAAAAAAAAAAAAAAAAAAAAAAAAAAAAAA,IGHV1-1*01,IGHJ1*01,4,8,12,16,25,35,,,,,,,,,,,,0.3,2,0.4,False,True
3,sample-B,family-light,naive,Node1,,,,,,,,,,,CCCCCCCCCCCCCCCCCCCCCCCCCCCCCCCCCCCCCCCCCCCCCCCCCCCCCCCCCCCCCCCCCCCCCCCCCCCCCCCCCCCCCCCCCC,CCCCCCCCCCCCGGGCCCCCCCCCCCCCCCCCCCCCCCCCCCCCCCCCCCCCCCCCCCCCCCCCCCCCCCCCCCCCCCCCCCCCCCCCCC,IGKV1-1*01,IGKJ1*01,3,7,10,14,20,28,kappa,0.1,1,0.1,True,False
4,sample-B,family-light,Node1,Tip1,,,,,,,,,,,CCCCCCCCCCCCGGGCCCCCCCCCCCCCCCCCCCCCCCCCCCCCCCCCCCCCCCCCCCCCCCCCCCCCCCCCCCCCCCCCCCCCCCCCCC,CCCCCCCCCCCCGGGCCCCCCCCCCCCGGGCCCCCCCCCCCCCCCCCCCCCCCCCCCCCCCCCCCCCCCCCCCCCCCCCCCCCCCCCCCC,IGKV1-1*01,IGKJ1*01,3,7,10,14,20,28,kappa,0.2,2,0.3,False,True
5,sample-B,family-light,Node1,Tip2,,,,,,,,,,,CCCCCCCCCCCCGGGCCCCCCCCCCCCCCCCCCCCCCCCCCCCCCCCCCCCCCCCCCCCCCCCCCCCCCCCCCCCCCCCCCCCCCCCCCC,CCCCCCCCCCCCGGGCCCCCCCCCCCCGGGCCCCCCCCCCCCGGGCCCCCCCCCCCCCCCCCCCCCCCCCCCCCCCCCCCCCCCCCCCCC,IGKV1-1*01,IGKJ1*01,3,7,10,14,20,28,kappa,0.3,2,0.4,False,True
6,sample-C,family-paired,naive,Node1,GGGGGGGGGGGGGGGGGGGGGGGGGGGGGGGGGGGGGGGGGGGGGGGGGGGGGGGGGGGGGGGGGGGGGGGGGGGGGGGGGGGGGGGGGGGGGGGGGGGGGGGGGGGGGGGGGGGGGGGG,GGGGGGGGGGGGAAAGGGGGGGGGGGGGGGGGGGGGGGGGGGGGGGGGGGGGGGGGGGGGGGGGGGGGGGGGGGGGGGGGGGGGGGGGGGGGGGGGGGGGGGGGGGGGGGGGGGGGGGGG,IGHV2-2*01,IGHJ2*01,4,8,12,16,25,35,TTTTTTTTTTTTTTTTTTTTTTTTTTTTTTTTTTTTTTTTTTTTTTTTTTTTTTTTTTTTTTTTTTTTTTTTTTTTTTTTTTTTTTTTTT,TTTTTTTTTTTTCCCTTTTTTTTTTTTTTTTTTTTTTTTTTTTTTTTTTTTTTTTTTTTTTTTTTTTTTTTTTTTTTTTTTTTTTTTTTT,IGKV2-2*01,IGKJ2*01,3,7,10,14,20,28,kappa,0.1,1,0.1,True,False
7,sample-C,family-paired,Node1,Tip1,GGGGGGGGGGGGAAAGGGGGGGGGGGGGGGGGGGGGGGGGGGGGGGGGGGGGGGGGGGGGGGGGGGGGGGGGGGGGGGGGGGGGGGGGGGGGGGGGGGGGGGGGGGGGGGGGGGGGGGGG,GGGGGGGGGGGGAAAGGGGGGGGGGGGAAAGGGGGGGGGGGGGGGGGGGGGGGGGGGGGGGGGGGGGGGGGGGGGGGGGGGGGGGGGGGGGGGGGGGGGGGGGGGGGGGGGGGGGGGGGG,IGHV2-2*01,IGHJ2*01,4,8,12,16,25,35,TTTTTTTTTTTTCCCTTTTTTTTTTTTTTTTTTTTTTTTTTTTTTTTTTTTTTTTTTTTTTTTTTTTTTTTTTTTTTTTTTTTTTTTTTT,TTTTTTTTTTTTCCCTTTTTTTTTTTTCCCTTTTTTTTTTTTTTTTTTTTTTTTTTTTTTTTTTTTTTTTTTTTTTTTTTTTTTTTTTTT,IGKV2-2*01,IGKJ2*01,3,7,10,14,20,28,kappa,0.2,2,0.3,False,True
8,sample-C,family-paired,Node1,Tip2,GGGGGGGGGGGGAAAGGGGGGGGGGGGGGGGGGGGGGGGGGGGGGGGGGGGGGGGGGGGGGGGGGGGGGGGGGGGGGGGGGGGGGGGGGGGGGGGGGGGGGGGGGGGGGGGGGGGGGGGG,GGGGGGGGGGGGAAAGGGGGGGGGGGGAAAGGGGGGGGGGGGAAAGGGGGGGGGGGGGGGGGGGGGGGGGGGGGGGGGGGGGGGGGGGGGGGGGGGGGGGGGGGGGGGGGGGGGGGGGGG,IGHV2-2*01,IGHJ2*01,4,8,12,16,25,35,TTTTTTTTTTTTCCCTTTTTTTTTTTTTTTTTTTTTTTTTTTTTTTTTTTTTTTTTTTTTTTTTTTTTTTTTTTTTTTTTTTTTTTTTTT,TTTTTTTTTTTTCCCTTTTTTTTTTTTCCCTTTTTTTTTTTTCCCTTTTTTTTTTTTTTTTTTTTTTTTTTTTTTTTTTTTTTTTTTTTT,IGKV2-2*01,IGKJ2*01,3,7,10,14,20,28,kappa,0.3,2,0.4,False,True
