,sample_id,family,parent_name,parent_heavy,child_name,child_heavy,branch_length,depth,distance,v_gene_heavy,j_gene_heavy,cdr1_codon_start_heavy,cdr1_codon_end_heavy,cdr2_codon_start_heavy,cdr2_codon_end_heavy,cdr3_codon_start_heavy,cdr3_codon_end_heavy,parent_is_naive,child_is_leaf
0,sample-igg-1008,3249,naive,GAGGTGCAGCTGGTGGAGTCTGGGGGAGGCTTGGTACAGCCTGGGGGGTCCCTGAGACTCTCCTGTGCAGCCTCTGGATTCACCTTCAGTAGCTATAGCATGAACTGGGTCCGCCAGGCTCCAGGGAAGGGGCTGGAGTGGGTTTCATACATTAGTAGTAGTAGTAGTACCATATACTACGCAGACTCTGTGAAGGGCCGATTCACCATCTCCAGAGACAATGCCAAGAACTCACTGTATCTGCAAATGAACAGCCTGAGAGCCGAGGACACGGCTGTGTATTACTGTGCGAGAGATAAGCCCCCCTATGATTACGTTTGGGGGAGTTATCGTCCCGCCGGCTTTGACTACTGGGGCCAGGGAACCCTGGTCACCGTCTCCTCA,Node1,GAGGTGCAGCTGGTGGAGTCTGGGGGAGGCTTGGTACAGCCTGGGGGGTCCCTGAGACTCTCCTGTGCAGCCTCTGGATTCACCTTCAGTAGCTATAGCATGAACTGGGTCCGCCAGGCTCCAGGGAAGGGGCTGGAGTGGGTTTCATACATTAGTAGTAGTAGTAGTACCATATACTACGCAGACTCTGTGAAGGGCCGATTCACCATCTCCAGAGACAATGCCAAGAACTCACTGTATCTGCAAATGAACAGCCTGAGAGCCGAGGACACGGCTGTGTATTACTGTGCGAGAGATAAGCCCCCCTATGATTACGTTTGGGGGAGTTATCGTCCCGCCGGCTTTGACTACTGGGGCCAGGGAACCCTGGTCACCGTCTCCTCA,7.78e-08,1,7.78e-08,IGHV3-48*01,IGHJ4*02,75,96,150,171,288,348,True,False
1,sample-igg-1008,3249,Node1,GAGGTGCAGCTGGTGGAGTCTGGGGGAGGCTTGGTACAGCCTGGGGGGTCCCTGAGACTCTCCTGTGCAGCCTCTGGATTCACCTTCAGTAGCTATAGCATGAACTGGGTCCGCCAGGCTCCAGGGAAGGGGCTGGAGTGGGTTTCATACATTAGTAGTAGTAGTAGTACCATATACTACGCAGACTCTGTGAAGGGCCGATTCACCATCTCCAGAGACAATGCCAAGAACTCACTGTATCTGCAAATGAACAGCCTGAGAGCCGAGGACACGGCTGTGTATTACTGTGCGAGAGATAAGCCCCCCTATGATTACGTTTGGGGGAGTTATCGTCCCGCCGGCTTTGACTACTGGGGCCAGGGAACCCTGGTCACCGTCTCCTCA,Node2,GAGGTGCAGCTGGTGGAGTCTGGGGGAGGCTTGGTACAGCCTGGGGGGTCCCTGAGACTCTCCTGTGCAGCCTCTGGATTCACCTTCAGTAGCTATAGCATGAACTGGGTCCGCCAGGCTCCAGGGAAGGGGCTGGAGTGGGTTTCATACATTAGTAGTAGTAGTAGTACCATATACTACGCAGACTCTGTGAAGGGCCGATTCACCATCTCCAGAGACAATGCCAAGAACTCACTGTATCTGCAAATGAACAGCCTGAGAGCCGAGGACACGGCTGTGTATTACTGTGCGAGAGATAAGCCCCCCTATGATTACGTTTGGGGGAGTTATCGTCCCGCCGGCTTTGACTACTGGGGCCAGGGAACCCTGGTCACCGTCTCCTCA,7.77e-08,2,1.5549999999999998e-07,IGHV3-48*01,IGHJ4*02,75,96,150,171,288,348,False,False
2,sample-igg-1008,3249,Node2,GAGGTGCAGCTGGTGGAGTCTGGGGGAGGCTTGGTACAGCCTGGGGGGTCCCTGAGACTCTCCTGTGCAGCCTCTGGATTCACCTTCAGTAGCTATAGCATGAACTGGGTCCGCCAGGCTCCAGGGAAGGGGCTGGAGTGGGTTTCATACATTAGTAGTAGTAGTAGTACCATATACTACGCAGACTCTGTGAAGGGCCGATTCACCATCTCCAGAGACAATGCCAAGAACTCACTGTATCTGCAAATGAACAGCCTGAGAGCCGAGGACACGGCTGTGTATTACTGTGCGAGAGATAAGCCCCCCTATGATTACGTTTGGGGGAGTTATCGTCCCGCCGGCTTTGACTACTGGGGCCAGGGAACCCTGGTCACCGTCTCCTCA,Node3,GAGGTGCAGCTGGTGGAGTCTGGGGGAGGCTTGGTACAGCCTGGGGGGTCCCTGAGACTCTCCTGTGCAGCCTCTGGATTCACCTTCAGTAGCTATAGCATGAACTGGGTCCGCCAGGCTCCAGGGAAGGGGCTGGAGTGGGTTTCATACATTAGTAGTAGTAGTAGTACCATATACTACGCAGACTCTGTGAAGGGCCGATTCACCATCTCCAGAGACAATGCCAAGAACTCACTGTATCTGCAAATGAACAGCCTGAGAGCCGAGGACACGGCTGTGTATTACTGTGCGAGAGATAAGCCCCCCTATGATTACGTTTGGGGGAGTTATCGTCCCGCCGGCTTTGACTACTGGGGCCAGGGAACCCTGGTCACCGTCTCCTCA,7.77e-08,3,2.332e-07,IGHV3-48*01,IGHJ4*02,75,96,150,171,288,348,False,False
3,sample-igg-1008,3249,Node3,GAGGTGCAGCTGGTGGAGTCTGGGGGAGGCTTGGTACAGCCTGGGGGGTCCCTGAGACTCTCCTGTGCAGCCTCTGGATTCACCTTCAGTAGCTATAGCATGAACTGGGTCCGCCAGGCTCCAGGGAAGGGGCTGGAGTGGGTTTCATACATTAGTAGTAGTAGTAGTACCATATACTACGCAGACTCTGTGAAGGGCCGATTCACCATCTCCAGAGACAATGCCAAGAACTCACTGTATCTGCAAATGAACAGCCTGAGAGCCGAGGACACGGCTGTGTATTACTGTGCGAGAGATAAGCCCCCCTATGATTACGTTTGGGGGAGTTATCGTCCCGCCGGCTTTGACTACTGGGGCCAGGGAACCCTGGTCACCGTCTCCTCA,1TTGGGTTCTTTTCGATCTTGGG,GAGGTGCAGCTGGTGGAGTCTGGGGGAGGCTTGGTACAGCCTGGGGGGTCCCTGAGACTCTCCTGTGCAGCCTCTGGATTCACCTTCAGTAGCTATAGCATGAACTGGGTCCGCCAGGCTCCAGGGAAGGGGCTGGAGTGGGTTTCATACATTAGTAGTAGTAGTAGTACCATATACTACGCAGACTCTGTGAAGGGCCGATTCACCATCTCCAGAGACAATGCCAAGAACTCACTGTATCTGCAAATGAACAGCCTGAGAGCCGAGGACACGGCTGTGTATTACTGTGCGAGAGATAAGCCCCCCTATGATTACGTTTGGGGGAGTTATCGTCCCGCCGGCTTTGACTACTGGGGCCAGGGAACCCTGGTCACCGTCTCCTCA,7.78e-08,4,3.11e-07,IGHV3-48*01,IGHJ4*02,75,96,150,171,288,348,False,True
4,sample-igg-1008,3249,Node3,GAGGTGCAGCTGGTGGAGTCTGGGGGAGGCTTGGTACAGCCTGGGGGGTCCCTGAGACTCTCCTGTGCAGCCTCTGGATTCACCTTCAGTAGCTATAGCATGAACTGGGTCCGCCAGGCTCCAGGGAAGGGGCTGGAGTGGGTTTCATACATTAGTAGTAGTAGTAGTACCATATACTACGCAGACTCTGTGAAGGGCCGATTCACCATCTCCAGAGACAATGCCAAGAACTCACTGTATCTGCAAATGAACAGCCTGAGAGCCGAGGACACGGCTGTGTATTACTGTGCGAGAGATAAGCCCCCCTATGATTACGTTTGGGGGAGTTATCGTCCCGCCGGCTTTGACTACTGGGGCCAGGGAACCCTGGTCACCGTCTCCTCA,Node4,GAGGTGCAGCTGGTGGAGTCTGGGGGAGGCTTGGTACAGCCTGGGGGGTCCCTGAGACTCTCCTGTGCAGCCTCTGGATTCACCTTCAGTAGCTATAGCATGAACTGGGTCCGCCAGGCTCCAGGGAAGGGGCTGGAGTGGGTTTCATACATTAGTAGTAGTAGTAGTACCATATACTACGCAGACTCTGTGAAGGGCCGATTCACCATCTCCAGAGACAATGCCAAGAACTCACTGTATCTGCAAATGAACAGCCTGAGAGCCGAGGACACGGCTGTGTATTACTGTGCGAGAGATAAGCCCCCCTATGATTACGTTTGGGGGAGTTATCGTCCCGCCGGCTTTGACTACTGGGGCCAGGGAACCCTGGTCACCGTCTCCTCA,7.77e-08,4,3.109e-07,IGHV3-48*01,IGHJ4*02,75,96,150,171,288,348,False,False
5,sample-igg-1008,3249,Node4,GAGGTGCAGCTGGTGGAGTCTGGGGGAGGCTTGGTACAGCCTGGGGGGTCCCTGAGACTCTCCTGTGCAGCCTCTGGATTCACCTTCAGTAGCTATAGCATGAACTGGGTCCGCCAGGCTCCAGGGAAGGGGCTGGAGTGGGTTTCATACATTAGTAGTAGTAGTAGTACCATATACTACGCAGACTCTGTGAAGGGCCGATTCACCATCTCCAGAGACAATGCCAAGAACTCACTGTATCTGCAAATGAACAGCCTGAGAGCCGAGGACACGGCTGTGTATTACTGTGCGAGAGATAAGCCCCCCTATGATTACGTTTGGGGGAGTTATCGTCCCGCCGGCTTTGACTACTGGGGCCAGGGAACCCTGGTCACCGTCTCCTCA,Node5,GAGGTGCAGCTGGTGGAGTCTGGGGGAGGCTTGGTACAGCCTGGGGGGTCCCTGAGACTCTCCTGTGCAGCCTCTGGATTCACCTTCAGTAGCTATAGCATGAACTGGGTCCGCCAGGCTCCAGGGAAGGGGCTGGAGTGGGTTTCATACATTAGTAGTAGTAGTAGTACCATATACTACGCAGACTCTGTGAAGGGCCGATTCACCATCTCCAGAGACAATGCCAAGAACTCACTGTATCTGCAAATGAACAGCCTGAGAGCCGAGGACACGGCTGTGTATTACTGTGCGAGAGATAAGCCCCCCTATGATTACGTTTGGGGGAGTTATCGTCCCGCCGGCTTTGACTACTGGGGCCAGGGAACCCTGGTCACCGTCTCCTCA,7.77e-08,5,3.886e-07,IGHV3-48*01,IGHJ4*02,75,96,150,171,288,348,False,False
6,sample-igg-1008,3249,Node5,GAGGTGCAGCTGGTGGAGTCTGGGGGAGGCTTGGTACAGCCTGGGGGGTCCCTGAGACTCTCCTGTGCAGCCTCTGGATTCACCTTCAGTAGCTATAGCATGAACTGGGTCCGCCAGGCTCCAGGGAAGGGGCTGGAGTGGGTTTCATACATTAGTAGTAGTAGTAGTACCATATACTACGCAGACTCTGTGAAGGGCCGATTCACCATCTCCAGAGACAATGCCAAGAACTCACTGTATCTGCAAATGAACAGCCTGAGAGCCGAGGACACGGCTGTGTATTACTGTGCGAGAGATAAGCCCCCCTATGATTACGTTTGGGGGAGTTATCGTCCCGCCGGCTTTGACTACTGGGGCCAGGGAACCCTGGTCACCGTCTCCTCA,1TGGGTTCGTCTGGAGTCTTGGG,GAGGTGCAGCTGGTGGAGTCTGGGGGAGGCTTGGTACAGCCTGGGGGGTCCCTGAGACTCTCCTGTGCAGCCTCTGGATTCACCTTCAGTAGCTATAGCATGAACTGGGTCCGCCAGGCTCCAGGGAAGGGGCTGGAGTGGGTTTCATACATTAGTAGTAGTAGTAGTACCATATACTACGCAGACTCTGTGAAGGGCCGATTCACCATCTCCAGAGACAATGCCAAGAACTCACTGTATCTGCAAATGAACAGCCTGAGAGCCGAGGACACGGCTGTGTATTACTGTGCGAGAGATAAGCCCCCCTATGATTACGTTTGGGGGAGTTATCGTCCCGCCGGCTTTGACTACTGGGGCCAGGGAACCCTGGTCACCGTCTCCTCA,7.78e-08,6,4.664e-07,IGHV3-48*01,IGHJ4*02,75,96,150,171,288,348,False,True
7,sample-igg-1008,3249,Node5,GAGGTGCAGCTGGTGGAGTCTGGGGGAGGCTTGGTACAGCCTGGGGGGTCCCTGAGACTCTCCTGTGCAGCCTCTGGATTCACCTTCAGTAGCTATAGCATGAACTGGGTCCGCCAGGCTCCAGGGAAGGGGCTGGAGTGGGTTTCATACATTAGTAGTAGTAGTAGTACCATATACTACGCAGACTCTGTGAAGGGCCGATTCACCATCTCCAGAGACAATGCCAAGAACTCACTGTATCTGCAAATGAACAGCCTGAGAGCCGAGGACACGGCTGTGTATTACTGTGCGAGAGATAAGCCCCCCTATGATTACGTTTGGGGGAGTTATCGTCCCGCCGGCTTTGACTACTGGGGCCAGGGAACCCTGGTCACCGTCTCCTCA,Node6,GAGGTGCAGCTGGTGGAGTCTGGGGGAGGCTTGGTACAGCCTGGGGGGTCCCTGAGACTCTCCTGTGCAGCCTCTGGATTCACCTTCAGTAGCTATAGCATGAACTGGGTCCGCCAGGCTCCAGGGAAGGGGCTGGAGTGGGTTTCATACATTAGTAGTAGTAGTAGTACCATATACTACGCAGACTCTGTGAAGGGCCGATTCACCATCTCCAGAGACAATGCCAAGAACTCACTGTATCTGCAAATGAACAGCCTGAGAGCCGAGGACACGGCTGTGTATTACTGTGCGAGAGATAAGCCCCCCTATGATTACGTTTGGGGGAGTTATCGTCCCGCCGGCTTTGACTACTGGGGCCAGGGAACCCTGGTCACCGTCTCCTCA,7.77e-08,6,4.663e-07,IGHV3-48*01,IGHJ4*02,75,96,150,171,288,348,False,False
8,sample-igg-1008,3249,Node6,GAGGTGCAGCTGGTGGAGTCTGGGGGAGGCTTGGTACAGCCTGGGGGGTCCCTGAGACTCTCCTGTGCAGCCTCTGGATTCACCTTCAGTAGCTATAGCATGAACTGGGTCCGCCAGGCTCCAGGGAAGGGGCTGGAGTGGGTTTCATACATTAGTAGTAGTAGTAGTACCATATACTACGCAGACTCTGTGAAGGGCCGATTCACCATCTCCAGAGACAATGCCAAGAACTCACTGTATCTGCAAATGAACAGCCTGAGAGCCGAGGACACGGCTGTGTATTACTGTGCGAGAGATAAGCCCCCCTATGATTACGTTTGGGGGAGTTATCGTCCCGCCGGCTTTGACTACTGGGGCCAGGGAACCCTGGTCACCGTCTCCTCA,1TGGAATTAAGTTTTGTCTTGGG,GAGGTGCAGCTGGTGGAGTCTGGGGGAGGCTTGGTACAGCCTGGGGGGTCCCTGAGACTCTCCTGTGCAGCCTCTGGATTCACCTTCAGTAGCTATAGCATGAACTGGGTCCGCCAGGCTCCAGGGAAGGGGCTGGAGTGGGTTTCATACATTAGTAGTAGTAGTAGTACCATATACTACGCAGACTCTGTGAAGGGCCGATTCACCATCTCCAGAGACAATGCCAAGAACTCACTGTATCTGCAAATGAACAGCCTGAGAGCCGAGGACACGGCTGTGTATTACTGTGCGAGAGATAAGCCCCCCTATGATTACGTTTGGGGGAGTTATCGTCCCGCCGGCTTTGACTACTGGGGCCAGGGAACCCTGGTCACCGTCTCCTCA,7.78e-08,7,5.441e-07,IGHV3-48*01,IGHJ4*02,75,96,150,171,288,348,False,True
9,sample-igg-1008,3249,Node6,GAGGTGCAGCTGGTGGAGTCTGGGGGAGGCTTGGTACAGCCTGGGGGGTCCCTGAGACTCTCCTGTGCAGCCTCTGGATTCACCTTCAGTAGCTATAGCATGAACTGGGTCCGCCAGGCTCCAGGGAAGGGGCTGGAGTGGGTTTCATACATTAGTAGTAGTAGTAGTACCATATACTACGCAGACTCTGTGAAGGGCCGATTCACCATCTCCAGAGACAATGCCAAGAACTCACTGTATCTGCAAATGAACAGCCTGAGAGCCGAGGACACGGCTGTGTATTACTGTGCGAGAGATAAGCCCCCCTATGATTACGTTTGGGGGAGTTATCGTCCCGCCGGCTTTGACTACTGGGGCCAGGGAACCCTGGTCACCGTCTCCTCA,1TGCCGTGTTTTGTGTTCTTGGG,GAGGTGCAGCTGGTGGAGTCTGGGGGAGGCTTGGTACAGCCTGGGGGGTCCCTGAGACTCTCCTGTGCAGCCTCTGGATTCACCTTCAGTAGCTATAGCATGAACTGGGTCCGCCAGGCTCCAGGGAAGGGGCTGGAGTGGGTTTCATACATTAGTAGTAGTAGTAGTACCATATACTACGCAGACTCTGTGAAGGGCCGATTCACCATCTCCAGAGACAATGCCAAGAACTCACTGTATCTGCAAATGAACAGCCTGAGAGCCGAGGACACGGCTGTGTATTACTGTGCGAGAGATAAGCCCCCCTATGATTACGTTTGGGGGAGTTATCGTCCCGCCGGCTTTGACTACTGGGGCCAGGGAACCCTGGTCACCGTCTCCTCA,7.78e-08,7,5.441e-07,IGHV3-48*01,IGHJ4*02,75,96,150,171,288,348,False,True
10,sample-igg-1008,3249,Node4,GAGGTGCAGCTGGTGGAGTCTGGGGGAGGCTTGGTACAGCCTGGGGGGTCCCTGAGACTCTCCTGTGCAGCCTCTGGATTCACCTTCAGTAGCTATAGCATGAACTGGGTCCGCCAGGCTCCAGGGAAGGGGCTGGAGTGGGTTTCATACATTAGTAGTAGTAGTAGTACCATATACTACGCAGACTCTGTGAAGGGCCGATTCACCATCTCCAGAGACAATGCCAAGAACTCACTGTATCTGCAAATGAACAGCCTGAGAGCCGAGGACACGGCTGTGTATTACTGTGCGAGAGATAAGCCCCCCTATGATTACGTTTGGGGGAGTTATCGTCCCGCCGGCTTTGACTACTGGGGCCAGGGAACCCTGGTCACCGTCTCCTCA,1TGAATTAGTGTGTCTTCTTGGG,GAGGTGCAGCTGGTGGAGTCTGGGGGAGGCTTGGTACAGCCTGGGGGGTCCCTGAGACTCTCCTGTGCAGCCTCTGGATTCACCTTCAGTAGCTATAGCATGAACTGGGTCCGCCAGGCTCCAGGGAAGGGGCTGGAGTGGGTTTCATACATTAGTAGTAGTAGTAGTACCATATACTACGCAGACTCTGTGAAGGGCCGATTCACCATCTCCAGAGACAATGCCAAGAACTCACTGTATCTGCAAATGAACAGCCTGAGAGCCGAGGACACGGCTGTGTATTACTGTGCGAGAGATAAGCCCCCCTATGATTACGTTTGGGGGAGTTATCGTCCCGCCGGCTTTGACTACTGGGGCCAGGGAACCCTGGTCACCGTCTCCTCA,7.78e-08,5,3.887e-07,IGHV3-48*01,IGHJ4*02,75,96,150,171,288,348,False,True
11,sample-igg-1008,3249,Node2,GAGGTGCAGCTGGTGGAGTCTGGGGGAGGCTTGGTACAGCCTGGGGGGTCCCTGAGACTCTCCTGTGCAGCCTCTGGATTCACCTTCAGTAGCTATAGCATGAACTGGGTCCGCCAGGCTCCAGGGAAGGGGCTGGAGTGGGTTTCATACATTAGTAGTAGTAGTAGTACCATATACTACGCAGACTCTGTGAAGGGCCGATTCACCATCTCCAGAGACAATGCCAAGAACTCACTGTATCTGCAAATGAACAGCCTGAGAGCCGAGGACACGGCTGTGTATTACTGTGCGAGAGATAAGCCCCCCTATGATTACGTTTGGGGGAGTTATCGTCCCGCCGGCTTTGACTACTGGGGCCAGGGAACCCTGGTCACCGTCTCCTCA,1TCCTCTCCCTTTACCTCTTGGG,GAGGTGCAGCTGGTGGAGTCTGGGGGAGGCTTGGTACAGCCTGGGGGGTCCCTGAGACTCTCCTGTGCAGCCTCTGGATTCACCTTCAGTAGCTATAGCATGAACTGGGTCCGCCAGGCTCCAGGGAAGGGGCTGGAGTGGGTTTCATACATTAGTAGTAGTAGTAGTACCATATACTACGCAGACTCTGTGAAGGGCCGATTCACCATCTCCAGAGACAATGCCAAGAACTCACTGTATCTGCAAATGAACAGCCTGAGAGCCGAGGACACGGCTGTGTATTACTGTGCGAGAGATAAGCCCCCCTATGATTACGTTTGGGGGAGTTATCGTCCCGCCGGCTTTGACTACTGGGGCCAGGGAACCCTGGTCACCGTCTCCTCA,7.78e-08,3,2.3330000000000006e-07,IGHV3-48*01,IGHJ4*02,75,96,150,171,288,348,False,True
12,sample-igg-1008,3249,Node1,GAGGTGCAGCTGGTGGAGTCTGGGGGAGGCTTGGTACAGCCTGGGGGGTCCCTGAGACTCTCCTGTGCAGCCTCTGGATTCACCTTCAGTAGCTATAGCATGAACTGGGTCCGCCAGGCTCCAGGGAAGGGGCTGGAGTGGGTTTCATACATTAGTAGTAGTAGTAGTACCATATACTACGCAGACTCTGTGAAGGGCCGATTCACCATCTCCAGAGACAATGCCAAGAACTCACTGTATCTGCAAATGAACAGCCTGAGAGCCGAGGACACGGCTGTGTATTACTGTGCGAGAGATAAGCCCCCCTATGATTACGTTTGGGGGAGTTATCGTCCCGCCGGCTTTGACTACTGGGGCCAGGGAACCCTGGTCACCGTCTCCTCA,1TTTGATGGGATGTGGTCTTGGG,GAGGTGCAGCTGGTGGAGTCTGGGGGAGGCTTGGTACAGCCTGGGGGGTCCCTGAGACTCTCCTGTGCAGCCTCTGGATTCACCTTCAGTAGCTATAGCATGAACTGGGTCCGCCAGGCTCCAGGGAAGGGGCTGGAGTGGGTTTCATACATTAGTAGTAGTAGTAGTACCATATACTACGCAGACTCTGTGAAGGGCCGATTCACCATCTCCAGAGACAATGCCAAGAACTCACTGTATCTGCAAATGAACAGCCTGAGAGCCGAGGACACGGCTGTGTATTACTGTGCGAGAGATAAGCCCCCCTATGATTACGTTTGGGGGAGTTATCGTCCCGCCGGCTTTGACTACTGGGGCCAGGGAACCCTGGTCACCGTCTCCTCA,7.78e-08,2,1.556e-07,IGHV3-48*01,IGHJ4*02,75,96,150,171,288,348,False,True
13,sample-igg-201c,565,naive,GAGGTGCAGCTGGTGGAGTCTGGGGGAGGCTTGGTCCAGCCTGGGGGGTCCCTGAGACTCTCCTGTGCAGCCTCTGGATTCACCTTTAGTAGCTATTGGATGAGCTGGGTCCGCCAGGCTCCAGGGAAGGGGCTGGAGTGGGTGGCCAACATAAAGCAAGATGGAAGTGAGAAATACTATGTGGACTCTGTGAAGGGCCGATTCACCATCTCCAGAGACAACGCCAAGAACTCACTGTATCTGCAAATGAACAGCCTGAGAGCCGAGGACACGGCCGTGTATTACTGTGCGAGGGGGGGCCGGGACAGTGGCTGGTACTGGATCTACTGGGGCCAGGGAACCCTGGTCACCGTCTCCTCA,Node1,GAGGTGCAGCTGGTGGAGTCTGGGGGAGGCTTGGTCCAGCCTGGGGGGTCCCTGAGACTCTCCTGTGCAGCCTCTGGACTCACCTTTAGTACGTATTGGATGACCTGGGTCCGCCAGGCTCCAGGGAAGGGGCTGGAGTGGGTGGCCAACATAAAGCAAGATGGAAGTGAGAAATACTATGTGGACTCTGTGAAGGGCCGATTCACCATCTCCAGAGACAACGCCAAGAATTCACTGTATCTGCAAATGAACAGCCTGAGCGTCGAAGACACGGCTGTGTATTACTGTGCGAGGGGGGGCCGGGACAGTGCCTGGTACTGGATCTACTGGGGCCAGGGAACCCTGGTCGCCGTCTCCGCA,0.034625526,1,0.034625526,IGHV3-7*03,IGHJ4*02,75,96,150,171,288,324,True,False
14,sample-igg-201c,565,Node1,GAGGTGCAGCTGGTGGAGTCTGGGGGAGGCTTGGTCCAGCCTGGGGGGTCCCTGAGACTCTCCTGTGCAGCCTCTGGACTCACCTTTAGTACGTATTGGATGACCTGGGTCCGCCAGGCTCCAGGGAAGGGGCTGGAGTGGGTGGCCAACATAAAGCAAGATGGAAGTGAGAAATACTATGTGGACTCTGTGAAGGGCCGATTCACCATCTCCAGAGACAACGCCAAGAATTCACTGTATCTGCAAATGAACAGCCTGAGCGTCGAAGACACGGCTGTGTATTACTGTGCGAGGGGGGGCCGGGACAGTGCCTGGTACTGGATCTACTGGGGCCAGGGAACCCTGGTCGCCGTCTCCGCA,Node2,GAGGTGCAGCTGGTGGAGTCTGGGGGAGGCTTGGTCCAGCCTGGGGGGTCCCTGAGACTCTCCTGTGCAGCCTCTGGACTCACCTTTAGTACGTATTGGATGACCTGGGTCCGCCAGGCTCCAGGGAAGGGGCTGGAGTGGGTGGCCAACATAAAGCAAGATGGAAGTGAGAAATACTATGTGGACTCTGTGAAGGGCCGATTCACCATCTCCAGAGACAACGCCAAGAATTCACTGTATCTGCAAATGAACAGCCTGAGCGTCGAAGACACGGCTGTGTATTACTGTGCGAGGGGGGGCCGGGACAGTGCCTGGTACTGGATCTACTGGGGCCAGGGAACCCTGGTCGCCGTCTCCGCA,1e-06,2,0.034626526,IGHV3-7*03,IGHJ4*02,75,96,150,171,288,324,False,False
15,sample-igg-201c,565,Node2,GAGGTGCAGCTGGTGGAGTCTGGGGGAGGCTTGGTCCAGCCTGGGGGGTCCCTGAGACTCTCCTGTGCAGCCTCTGGACTCACCTTTAGTACGTATTGGATGACCTGGGTCCGCCAGGCTCCAGGGAAGGGGCTGGAGTGGGTGGCCAACATAAAGCAAGATGGAAGTGAGAAATACTATGTGGACTCTGTGAAGGGCCGATTCACCATCTCCAGAGACAACGCCAAGAATTCACTGTATCTGCAAATGAACAGCCTGAGCGTCGAAGACACGGCTGTGTATTACTGTGCGAGGGGGGGCCGGGACAGTGCCTGGTACTGGATCTACTGGGGCCAGGGAACCCTGGTCGCCGTCTCCGCA,Node3,GAGGTGCAGCTGGTGGAGTCTGGGGGAGGCTTGGTCCAGCCTGGGGGGTCCCTGAGACTCTCCTGTGCAGCCTCTGGACTCACCTTTAGTACGTATTGGATGACCTGGGTCCGCCAGGCTCCAGGGAAGGGGCTGGAGTGGGTGGCCAACATAAAGCAAGATGGAAGTGAGAAATACTATGTGGACTCTGTGAAGGGCCGATTCACCATCTCCAGAGACAACGCCAAGAATTCACTGTATCTGCAAATGAACAGCCTGAGCGTCGAAGACACGGCTGTGTATTACTGTGCGAGGGGGGGCCGGGACAGTGCCTGGTACTGGATCTACTGGGGCCAGGGAACCCTGGTCGCCGTCTCCGCA,1e-06,3,0.034627526,IGHV3-7*03,IGHJ4*02,75,96,150,171,288,324,False,False
16,sample-igg-201c,565,Node3,GAGGTGCAGCTGGTGGAGTCTGGGGGAGGCTTGGTCCAGCCTGGGGGGTCCCTGAGACTCTCCTGTGCAGCCTCTGGACTCACCTTTAGTACGTATTGGATGACCTGGGTCCGCCAGGCTCCAGGGAAGGGGCTGGAGTGGGTGGCCAACATAAAGCAAGATGGAAGTGAGAAATACTATGTGGACTCTGTGAAGGGCCGATTCACCATCTCCAGAGACAACGCCAAGAATTCACTGTATCTGCAAATGAACAGCCTGAGCGTCGAAGACACGGCTGTGTATTACTGTGCGAGGGGGGGCCGGGACAGTGCCTGGTACTGGATCTACTGGGGCCAGGGAACCCTGGTCGCCGTCTCCGCA,1TACAGTGGGATAGTTTCTTGGG,GAGGTGCAGCTGGTGGAGTCTGGGGGAGGCTTGGTCCAGCCTGGGGGGTCCCTGAGACTCTCCTGTGCAGCCTCTGGACTCACCTTTAGTACGTATTGGATGACCTGGGTCCGCCAGGCTCCAGGGAAGGGGCTGGAGTGGGTGGCCAACATAAAGCAAGATGGAAGTGAGAAATACTATGTGGACTCTGTGAAGGGCCGATTCACCATCTCCAGAGACAACGCCAAGAATTCACTGTATCTGCAAATGAACAGCCTGAGCGTCGAAGACACGGCTGTGTATTACTGTGCGAGGGGGGGCCGGGACAGTGCCTGGTACTGGATCTACTGGGGCCAGGGAACCCTGGTCGCCGTCTCCGCA,1e-06,4,0.034628526,IGHV3-7*03,IGHJ4*02,75,96,150,171,288,324,False,True
17,sample-igg-201c,565,Node3,GAGGTGCAGCTGGTGGAGTCTGGGGGAGGCTTGGTCCAGCCTGGGGGGTCCCTGAGACTCTCCTGTGCAGCCTCTGGACTCACCTTTAGTACGTATTGGATGACCTGGGTCCGCCAGGCTCCAGGGAAGGGGCTGGAGTGGGTGGCCAACATAAAGCAAGATGGAAGTGAGAAATACTATGTGGACTCTGTGAAGGGCCGATTCACCATCTCCAGAGACAACGCCAAGAATTCACTGTATCTGCAAATGAACAGCCTGAGCGTCGAAGACACGGCTGTGTATTACTGTGCGAGGGGGGGCCGGGACAGTGCCTGGTACTGGATCTACTGGGGCCAGGGAACCCTGGTCGCCGTCTCCGCA,1TTCGCTGATATCGCCTCTTGGG,GAGGTGCAGCTGGTGGAGTCTGGGGGAGGCTTGGTCCAGCCTGGGGGGTCCCTGAGACTCTCCTGTGCAGCCTCTGGACTCACCTTTAGTACGTATTGGATGACCTGGGTCCGCCAGGCTCCAGGGAAGGGGCTGGAGTGGGTGGCCAACATAAAGCAAGATGGAAGTGAGAAATACTATGTGGACTCTGTGAAGGGCCGATTCACCATCTCCAGAGACAACGCCAAGAATTCACTGTATCTGCAAATGAACAGCCTGAGCGTCGAAGACACGGCTGTGTATTACTGTGCGAGGGGGGGCCGGGACAGTGCCTGGTACTGGATCTACTGGGGCCAGGGAACCCTGGTCGCCGTCTCCGCA,1e-06,4,0.034628526,IGHV3-7*03,IGHJ4*02,75,96,150,171,288,324,False,True
18,sample-igg-201c,565,Node2,GAGGTGCAGCTGGTGGAGTCTGGGGGAGGCTTGGTCCAGCCTGGGGGGTCCCTGAGACTCTCCTGTGCAGCCTCTGGACTCACCTTTAGTACGTATTGGATGACCTGGGTCCGCCAGGCTCCAGGGAAGGGGCTGGAGTGGGTGGCCAACATAAAGCAAGATGGAAGTGAGAAATACTATGTGGACTCTGTGAAGGGCCGATTCACCATCTCCAGAGACAACGCCAAGAATTCACTGTATCTGCAAATGAACAGCCTGAGCGTCGAAGACACGGCTGTGTATTACTGTGCGAGGGGGGGCCGGGACAGTGCCTGGTACTGGATCTACTGGGGCCAGGGAACCCTGGTCGCCGTCTCCGCA,Node4,GAGGTGCAGCTGGTGGAGTCTGGGGGAGGCTTGGTCCAGCCTGGGGGGTCCCTGAGACTCTCCTGTGCAGCCTCTGGACTCACCTTTAGTACGTATTGGATGACCTGGGTCCGCCAGGCTCCAGGGAAGGGGCTGGAGTGGGTGGCCAACATAAAGCAAGATGGAAGTGAGAAATACTATGTGGACTCTGTGAAGGGCCGATTCACCATCTCCAGAGACAACGCCAAGAATTCACTGTATCTGCAAATGAACAGCCTGAGCGTCGAAGACACGGCTGTGTATTACTGTGCGAGGGGGGGCCGGGACAGTGCCTGGTACTGGATCTACTGGGGCCAGGGAACCCTGGTCGCCGTCTCCGCA,1e-06,3,0.034627526,IGHV3-7*03,IGHJ4*02,75,96,150,171,288,324,False,False
