,sample_id,family,parent_name,child_name,parent_light,child_light,v_gene_light,j_gene_light,cdr1_codon_start_light,cdr1_codon_end_light,cdr2_codon_start_light,cdr2_codon_end_light,cdr3_codon_start_light,cdr3_codon_end_light,branch_length,depth,distance,parent_is_naive,child_is_leaf
0,d1,33424-igk-33424,naive,Node1,GACATCCAGATGACCCAGTCTCCATCCTCCCTGTCTGCATCTGTAGGAGACAGAGTCACCATCACTTGCCGGGCAAGTCAGAGCATTAGCAGCTATTTAAATTGGTATCAGCAGAAACCAGGGAAAGCCCCTAAGCTCCTGATCTATGCTGCATCCAGTTTGCAAAGTGGGGTCCCATCAAGGTTCAGTGGCAGTGGATCTGGGACAGATTTCACTCTCACCATCAGCAGTCTGCAACCTGAAGATTTTGCAACTTACTACTGTCAACAGAGTTACAGTACCCCTCTCACTTTTGGCCAGGGGACCAAGCTGGAGATCAAA,GACATCCAGATGACCCAGTCTCCATCCTCCCTGTCTGCATCTGTAGGAGACAGAGTCACCGTCACTTGCCGGGCAAGTCAGAGCATCAGTCACTATTTAAATTGGTATCAGCAGACACCAGGGAAAGCCCCTAAACTCCTGATCTATACTGCATCCAGTTTGCAGAGTGGGGTCCCATCAAGGTTCAGTGGCAGTGCATCTGGGACAGATTTCACTCTCACCATCAGCAGTCTGCAACCTGAAGATTTTGCAACTTACTACTGTCAACAGAGTTACAGTACCCCTCTCACTTTTGGCCAGGGGACCAAGCTGGAGGTCAAA,IGKV1D-39*01,IGKJ2*01,78,93,147,153,264,288,0.0299518105,1,0.0299518105,True,False
1,d1,33424-igk-33424,Node1,Node2,GACATCCAGATGACCCAGTCTCCATCCTCCCTGTCTGCATCTGTAGGAGACAGAGTCACCGTCACTTGCCGGGCAAGTCAGAGCATCAGTCACTATTTAAATTGGTATCAGCAGACACCAGGGAAAGCCCCTAAACTCCTGATCTATACTGCATCCAGTTTGCAGAGTGGGGTCCCATCAAGGTTCAGTGGCAGTGCATCTGGGACAGATTTCACTCTCACCATCAGCAGTCTGCAACCTGAAGATTTTGCAACTTACTACTGTCAACAGAGTTACAGTACCCCTCTCACTTTTGGCCAGGGGACCAAGCTGGAGGTCAAA,GACATCCAGATGACCCAGTCTCCATCCTCCCTGTCTGCATCTGTAGGAGACAGAGTCACCGTCACTTGCCGGGCAAGTCAGAGCATCAGTCACTATTTAAATTGGTATCAGCAGACACCAGGGAAAGCCCCTAAACTCCTGATCTATACTGCCTCCAGTTTGCAGAGTGGGGTCCCATCAAGGTTCAGTGGCAGTGCATCTGGGACAGATTTCACTCTCACCATCAGCAGTCTGCAACCTGAAGATTTTGCAACTTACTACTGTCAACAGAGTTACAGTATCCCTCTCACTTTTGGCCAGGGGACCAAGCTGGAGGTCAAG,IGKV1D-39*01,IGKJ2*01,78,93,147,153,264,288,0.0090040093,2,0.0389558198,False,False
2,d1,33424-igk-33424,Node2,ACACTGATCTGAAAGA-1-1279059_contig_h,GACATCCAGATGACCCAGTCTCCATCCTCCCTGTCTGCATCTGTAGGAGACAGAGTCACCGTCACTTGCCGGGCAAGTCAGAGCATCAGTCACTATTTAAATTGGTATCAGCAGACACCAGGGAAAGCCCCTAAACTCCTGATCTATACTGCCTCCAGTTTGCAGAGTGGGGTCCCATCAAGGTTCAGTGGCAGTGCATCTGGGACAGATTTCACTCTCACCATCAGCAGTCTGCAACCTGAAGATTTTGCAACTTACTACTGTCAACAGAGTTACAGTATCCCTCTCACTTTTGGCCAGGGGACCAAGCTGGAGGTCAAG,GACATCCAGATGACCCAGTCTCCATCCTCCCTGTCTGCATCTGTAGGAGACAGCGTCACCGTCACTTGCCGGGCAAGTCAGAGCATCAGTCACTATTTAAATTGGTATCAACAGACACCAGGGAAAGCCCCTAAACTCCTGATCTATACTGCCTCCAGTTTGCAGAGTGGGGTCCCATCAAGGTTCAGTGGCAGTGCATCTGGGACAGATTTCACTCTCACCATCAGCAGTCTGCAACCTGAAGATTTTGCAACTTACTACTGTCAACAGAGTTACAGTATCCCTCTCACTTTTGGCCAGGGGACCAAGCTGGAGGTCAAG,IGKV1D-39*01,IGKJ2*01,78,93,147,153,264,288,0.0043589267,3,0.0433147465,False,True
3,d1,33424-igk-33424,Node2,ACGCAGCAGGCTACGA-1-1287207_contig_h,GACATCCAGATGACCCAGTCTCCATCCTCCCTGTCTGCATCTGTAGGAGACAGAGTCACCGTCACTTGCCGGGCAAGTCAGAGCATCAGTCACTATTTAAATTGGTATCAGCAGACACCAGGGAAAGCCCCTAAACTCCTGATCTATACTGCCTCCAGTTTGCAGAGTGGGGTCCCATCAAGGTTCAGTGGCAGTGCATCTGGGACAGATTTCACTCTCACCATCAGCAGTCTGCAACCTGAAGATTTTGCAACTTACTACTGTCAACAGAGTTACAGTATCCCTCTCACTTTTGGCCAGGGGACCAAGCTGGAGGTCAAG,GACATCCAGATGACCCAGTCTCCATCCTCCCTGTCTGCATCTGTAGGAGACAGAGTCACCGTCACTTGCCGGGCAAGTCAGAGCATCAGTCACTATTTAAATTGGTATCAGCAGACACCAGGGAAAGCCCCTAAACTCCTGATCTATACTGCCTCCAGTTTGCAGAGTGGGGTCCCATCAAGGTTCAGTGGCAGTGCATCTGGGACAGATTTCACTCTCACCATCAGCAGTCTGCAACCTGAAGATTTTGCAACTTACTACTGTCAACAGAGTTACAGTATCCCTCTCACTTTTGGCCAGGGGACCAAGCTGGAGGTCAAG,IGKV1D-39*01,IGKJ2*01,78,93,147,153,264,288,0.0088377344,3,0.0477935542,False,True
4,d1,33424-igk-33424,Node1,GTGCGGTTCCATGAGT-1-1287207_contig_h,GACATCCAGATGACCCAGTCTCCATCCTCCCTGTCTGCATCTGTAGGAGACAGAGTCACCGTCACTTGCCGGGCAAGTCAGAGCATCAGTCACTATTTAAATTGGTATCAGCAGACACCAGGGAAAGCCCCTAAACTCCTGATCTATACTGCATCCAGTTTGCAGAGTGGGGTCCCATCAAGGTTCAGTGGCAGTGCATCTGGGACAGATTTCACTCTCACCATCAGCAGTCTGCAACCTGAAGATTTTGCAACTTACTACTGTCAACAGAGTTACAGTACCCCTCTCACTTTTGGCCAGGGGACCAAGCTGGAGGTCAAA,GACATCCAGATGACCCAGTCTCCATCCTCCCTGTCTGCATCTGTAGGAGACAGAGTCACCGTCACTTGCCGGGCAAGTCAGAGCATCAGTCACTATTTAAATTGGTATCAGCAGACACCAGGGAAAGCCCCTAAACTCCTGATCTATACTGCATCCAGTTTGCAGAGTGGGGTCCCATCAAGGTTCAGTGGCAGTGCATCTGGGACAGATTTCACTCTCACCATCAGCAGTCTGCAACCTGAAGATTTTGCAACTTACTACTGTCAACAGAGTTACAGTACCCCTCTCACTTTTGGCCAGGGGACCAAGCTGGAGGTCAAA,IGKV1D-39*01,IGKJ2*01,78,93,147,153,264,288,0.0042330793,2,0.0341848898,False,True
51,d1,13545-igk-13545,naive,Node1,GAAATTGTGTTGACGCAGTCTCCAGGCACCCTGTCTTTGTCTCCAGGGGAAAGAGCCACCCTCTCCTGCAGGGCCAGTCAGAGTGTTAGCAGCAGCTACTTAGCCTGGTACCAGCAGAAACCTGGCCAGGCTCCCAGGCTCCTCATCTATGGTGCATCCAGCAGGGCCACTGGCATCCCAGACAGGTTCAGTGGCAGTGGGTCTGGGACAGACTTCACTCTCACCATCAGCAGACTGGAGCCTGAAGATTTTGCAGTGTATTACTGTCAGCAGTATGGTAGCTCACCTCAAACGTTCGGCCAAGGGACCAAGGTGGAAATCAAA,GAAATTGTGTTGACGCAGTCTCCAGGCACCCTGTCTTTGTCTCCAGGGGAAAGAGCCACCCTCTCCTGCAGGGCCAGTCAGAGTGTTAGCAGCAGCTACTTAGCCTGGTACCAGCAGAAACCTGGCCAGGCTCCCAGGCTCCTCATCTATGGTGCATCCAGCAGGGCCACTGGCATCTCAGACAGGTTCAGTGGCAGTGGGTCTGGGACAGACTTCACTCTCATCGTCAGCAGACTGGAGCCTGAAGATTTTGCAGTGTATTACTGTCAGCAGTATGGTACCTCACCTCAAACGTTCGGCCAAGGGACCAAGGTGGAAATCAAA,IGKV3-20*01,IGKJ1*01,78,96,150,156,267,291,0.0336396347,1,0.0336396347,True,False
52,d1,13545-igk-13545,Node1,Node2,GAAATTGTGTTGACGCAGTCTCCAGGCACCCTGTCTTTGTCTCCAGGGGAAAGAGCCACCCTCTCCTGCAGGGCCAGTCAGAGTGTTAGCAGCAGCTACTTAGCCTGGTACCAGCAGAAACCTGGCCAGGCTCCCAGGCTCCTCATCTATGGTGCATCCAGCAGGGCCACTGGCATCTCAGACAGGTTCAGTGGCAGTGGGTCTGGGACAGACTTCACTCTCATCGTCAGCAGACTGGAGCCTGAAGATTTTGCAGTGTATTACTGTCAGCAGTATGGTACCTCACCTCAAACGTTCGGCCAAGGGACCAAGGTGGAAATCAAA,GAAATTGTGTTGACGCAGTCTCCAGGCACCCTGTCTTTGTCTCCAGGGGAAAGAGCCACCCTCTCCTGCAGGGCCAGTCAGAGTGTTAGCAGCAGCTACTTAGCCTGGTACCAGCAGAAACCTGGCCAGGCTCCCAGGCTCCTCATCTATGGTGCATCCAGCAGGGCCACTGGCATCTCAGACAGGTTCAGTGGCAGTGGGTCTGGGACAGACTTCACTCTCATCGTCAGCAGACTGGAGCCTGAAGATTTTGCAGTGTATTACTGTCAGCAGTATGGTACCTCACCTCAAACGTTCGGCCAAGGGACCAAGGTGGAAATCAAA,IGKV3-20*01,IGKJ1*01,78,96,150,156,267,291,0.0014536384,2,0.0350932730999999,False,False
53,d1,13545-igk-13545,Node2,CTCTAATGTGACGGTA-1-1287193_contig_h,GAAATTGTGTTGACGCAGTCTCCAGGCACCCTGTCTTTGTCTCCAGGGGAAAGAGCCACCCTCTCCTGCAGGGCCAGTCAGAGTGTTAGCAGCAGCTACTTAGCCTGGTACCAGCAGAAACCTGGCCAGGCTCCCAGGCTCCTCATCTATGGTGCATCCAGCAGGGCCACTGGCATCTCAGACAGGTTCAGTGGCAGTGGGTCTGGGACAGACTTCACTCTCATCGTCAGCAGACTGGAGCCTGAAGATTTTGCAGTGTATTACTGTCAGCAGTATGGTACCTCACCTCAAACGTTCGGCCAAGGGACCAAGGTGGAAATCAAA,GAAATTGTGTTGACGCAGTCTCCAGGCACCCTGTCTTTGTCTCCAGGGGAAAGAGCCACCCTCTCCTGCAGGGCCAGTCAGAGTGTTAGCAGCAGCTACTTAGCCTGGTACCAGCAGAAACCTGGCCAGGCTCCCAGGCTCCTCATCTATGGTACATCCAGCAGGGCCACTGGCATCTCAGACAGGTTCAGTGGCAGTGGGTCTGGGACAGACTTCACTCTCATCGTCAGCAGACTGGAGCCTGAAGATTTTGCAGTGTATTACTGTCAGCAGTATGGTACCTCACCTCAAACGTTCGGCCAAGGGACCAAGGTGGAAATCAAA,IGKV3-20*01,IGKJ1*01,78,96,150,156,267,291,0.0014534551,3,0.0365467281999999,False,True
54,d1,13545-igk-13545,Node2,GCACTCTAGAGCTGCA-1-1279050_contig_h,GAAATTGTGTTGACGCAGTCTCCAGGCACCCTGTCTTTGTCTCCAGGGGAAAGAGCCACCCTCTCCTGCAGGGCCAGTCAGAGTGTTAGCAGCAGCTACTTAGCCTGGTACCAGCAGAAACCTGGCCAGGCTCCCAGGCTCCTCATCTATGGTGCATCCAGCAGGGCCACTGGCATCTCAGACAGGTTCAGTGGCAGTGGGTCTGGGACAGACTTCACTCTCATCGTCAGCAGACTGGAGCCTGAAGATTTTGCAGTGTATTACTGTCAGCAGTATGGTACCTCACCTCAAACGTTCGGCCAAGGGACCAAGGTGGAAATCAAA,GAAATTGTGTTGACGCAGTCTCCAGGCACCCTGTCTTTGTCTCCAGGGGAAAGAGCCACCCTCTCCTGCAGGGCCAGTCAGAGTGTTAGCAGCAGCTACTTAGCCTGGTACCAGCAGAAACCTGGCCAGGCTCCCAGGCTCCTCATCTATGGTGCATCCAGCAGGGCCACTGGCATCTCAGACAGGTTCAGTGGCAGTGGGTCTGGGACAGACTTCACTCTCATCGTCAGCAGACTGGAGCCTGAAGATTTTGCAGTGTATTACTGTCAGCAGTATGGTACCTCACCTCAAACGTTCGGCCAAGGGACCAAGGTGGAAATCAAA,IGKV3-20*01,IGKJ1*01,78,96,150,156,267,291,1e-06,3,0.0350942731,False,True
55,d1,13545-igk-13545,Node1,GGCCGATGTTCGTGAT-1-1287200_contig_h,GAAATTGTGTTGACGCAGTCTCCAGGCACCCTGTCTTTGTCTCCAGGGGAAAGAGCCACCCTCTCCTGCAGGGCCAGTCAGAGTGTTAGCAGCAGCTACTTAGCCTGGTACCAGCAGAAACCTGGCCAGGCTCCCAGGCTCCTCATCTATGGTGCATCCAGCAGGGCCACTGGCATCTCAGACAGGTTCAGTGGCAGTGGGTCTGGGACAGACTTCACTCTCATCGTCAGCAGACTGGAGCCTGAAGATTTTGCAGTGTATTACTGTCAGCAGTATGGTACCTCACCTCAAACGTTCGGCCAAGGGACCAAGGTGGAAATCAAA,GAAATTGTGTTGACGCAGTCTCCAGGCACCCTGTCTTTGTCTCCAGGGGAAAGAGCCACCCTCTCCTGCAGGGCCAGTCAGAGTGTTAGCAGCAGCTACTTAGCCTGGTACCAGCAGAAACCTGGCCAGGCTCCCAGGCTCCTCATCTATGGTGCATCCAGCAGGGCCACTGGCATCTCAGACAGGTTCAGTGGCAGTGGGTCTGGGACAGACTTCACTCTCATCGTCAGCAGACTGGAGCCTGAAGATTTTGCAGTGTATTACTGTCAGCAGTATGGTACCTCACCTCAAACGTTCGGCCAAGGGACCAAGGTGGAAATCAAA,IGKV3-20*01,IGKJ1*01,78,96,150,156,267,291,1e-06,2,0.0336406347,False,True
75,d3,179396-igk-179396,naive,Node1,GACATCGTGATGACCCAGTCTCCAGACTCCCTGGCTGTGTCTCTGGGCGAGAGGGCCACCATCAACTGCAAGTCCAGCCAGAGTGTTTTATACAGCTCCAACAATAAGAACTACTTAGCTTGGTACCAGCAGAAACCAGGACAGCCTCCTAAGCTGCTCATTTACTGGGCATCTACCCGGGAATCCGGGGTCCCTGACCGATTCAGTGGCAGCGGGTCTGGGACAGATTTCACTCTCACCATCAGCAGCCTGCAGGCTGAAGATGTGGCAGTTTATTACTGTCAGCAATATTATAGTACTCCTCAGACTTTTGGCCAGGGGACCAAGCTGGAGATCAAA,GACATCGTGATGACCCAGTCTCCAGACTCCCTGGCTGTGTCTCTGGGCGAGAGGACCACCATCAACTGCAAGTCCAGCCAGAGTGTTTTATACAGCTCCAACAATAAGAACTACTTAGCTTGGTACCAGCAGAAACCAGGACAGCCTCCTAAGCTGCTCATTTACTGGGCATCTACCCGGGAATCCGGGGTCCCTGACCGATTCAGTGGCAGCGGGTCTGGGACAGATTTCACTCTCACCATCAGCAGCCTGCAGGCTGAAGATGTGGCAGTTTATTACTGTCAGCAATATTATAGTACTCCTCAGACTTTTGGCCAGGGGACCAAGCTGGAGATCAAA,IGKV4-1*01,IGKJ2*01,78,111,165,171,282,306,0.0111002731,1,0.0111002731,True,False
76,d3,179396-igk-179396,Node1,Node2,GACATCGTGATGACCCAGTCTCCAGACTCCCTGGCTGTGTCTCTGGGCGAGAGGACCACCATCAACTGCAAGTCCAGCCAGAGTGTTTTATACAGCTCCAACAATAAGAACTACTTAGCTTGGTACCAGCAGAAACCAGGACAGCCTCCTAAGCTGCTCATTTACTGGGCATCTACCCGGGAATCCGGGGTCCCTGACCGATTCAGTGGCAGCGGGTCTGGGACAGATTTCACTCTCACCATCAGCAGCCTGCAGGCTGAAGATGTGGCAGTTTATTACTGTCAGCAATATTATAGTACTCCTCAGACTTTTGGCCAGGGGACCAAGCTGGAGATCAAA,GACATCGTGATGACCCAGTCTCCAGACTCCCTGGCTGTGTCTCTGGGCGAGAGGACCACCATCAACTGCAAGTCCAGCCAGAGTGTTTTATACAGCTCCAACAATAAGAACTACTTAGCTTGGTACCAGCAGAAACCAGGACAGCCTCCTAAGCTGCTCATTTACTGGGCATCTACCCGGGAATCCGGGGTCCCTGACCGATTCAGTGGCAGCGGGTCTGGGACAGATTTCACTCTCACCATCAGCAGCCTGCAGGCTGAAGATGTGGCAGTTTATTACTGTCAGCAATATTATAGTACTCCTCAGACTTTTGGCCAGGGGACCAAGCTGGAGATCAAA,IGKV4-1*01,IGKJ2*01,78,111,165,171,282,306,0.0060431645,2,0.0171434376,False,False
77,d3,179396-igk-179396,Node2,ACTTACTGTGATGTGG-1-1287157_contig_h,GACATCGTGATGACCCAGTCTCCAGACTCCCTGGCTGTGTCTCTGGGCGAGAGGACCACCATCAACTGCAAGTCCAGCCAGAGTGTTTTATACAGCTCCAACAATAAGAACTACTTAGCTTGGTACCAGCAGAAACCAGGACAGCCTCCTAAGCTGCTCATTTACTGGGCATCTACCCGGGAATCCGGGGTCCCTGACCGATTCAGTGGCAGCGGGTCTGGGACAGATTTCACTCTCACCATCAGCAGCCTGCAGGCTGAAGATGTGGCAGTTTATTACTGTCAGCAATATTATAGTACTCCTCAGACTTTTGGCCAGGGGACCAAGCTGGAGATCAAA,GACATCGTGATGACCCAGTCTCCAGACTCCCTGGCTGTGTCTCTGGGCGAGAGGACCACCATCAACTGCAAGTCCAGCCAGAGTATTTTATACAGCTCCAACAATAAGAACTACTTAGCTTGGTACCAGCAGAAACCAGGACAGCCTCCTAAGCTGCTCATTTACTGGGCATCTACCCGGGAATCCGGGGTCCCTGACCGATTCAGTGGCAGCGGGTCTGGGACAGATTTCACTCTCACCATCAGCAGGCTGCAGGCTGAAGATGTGGCAGTTTATTACTGTCAGCAATATTATAGTACTCCTCAGACTTTTGGCCAGGGGACCAAGCTGGAGATCAAA,IGKV4-1*01,IGKJ2*01,78,111,165,171,282,306,0.0184767759,3,0.0356202135,False,True
78,d3,179396-igk-179396,Node2,GTTCTCGAGAACAACT-1-1287151_contig_h,GACATCGTGATGACCCAGTCTCCAGACTCCCTGGCTGTGTCTCTGGGCGAGAGGACCACCATCAACTGCAAGTCCAGCCAGAGTGTTTTATACAGCTCCAACAATAAGAACTACTTAGCTTGGTACCAGCAGAAACCAGGACAGCCTCCTAAGCTGCTCATTTACTGGGCATCTACCCGGGAATCCGGGGTCCCTGACCGATTCAGTGGCAGCGGGTCTGGGACAGATTTCACTCTCACCATCAGCAGCCTGCAGGCTGAAGATGTGGCAGTTTATTACTGTCAGCAATATTATAGTACTCCTCAGACTTTTGGCCAGGGGACCAAGCTGGAGATCAAA,GACATCGTGATGACCCAGTCTCCAGACTCCCTGGCTGTGTCTCTGGGCGAGAGGACCACCATCAACTGCAAGTCCAGCCAGAGTGTTTTATACAGCTCCAACAATAAGAATTACTTAGCTTGGTACCAGCAGAAACCAGGACAGCCTCCTAAGCTGCTCATTTACTGGGCATCTACCCGGGAACCCGGGGTCCCTGACCGATTCAGTGGCAGCGGGTCTGGGACAGATTTCACTCTCACCATCAGCAGCCTGCAGGCTGAAGATGTGGCAGTTTATTACTGTCAGCAATATTATAGTACTCCTCAGACTTTTGGCCAGGGGACCAAGCTGGAGATCAAA,IGKV4-1*01,IGKJ2*01,78,111,165,171,282,306,0.0247904366,3,0.0419338742,False,True
79,d3,179396-igk-179396,Node1,CCTCAGTTCGGTGTTA-1-1279074_contig_h,GACATCGTGATGACCCAGTCTCCAGACTCCCTGGCTGTGTCTCTGGGCGAGAGGACCACCATCAACTGCAAGTCCAGCCAGAGTGTTTTATACAGCTCCAACAATAAGAACTACTTAGCTTGGTACCAGCAGAAACCAGGACAGCCTCCTAAGCTGCTCATTTACTGGGCATCTACCCGGGAATCCGGGGTCCCTGACCGATTCAGTGGCAGCGGGTCTGGGACAGATTTCACTCTCACCATCAGCAGCCTGCAGGCTGAAGATGTGGCAGTTTATTACTGTCAGCAATATTATAGTACTCCTCAGACTTTTGGCCAGGGGACCAAGCTGGAGATCAAA,GACATCGTGATGACCCAGTCTCCAGACTCCCTGGCTGTGTCTCTGGGCGAGAGGACCACCATCAACTGCAAGTCCAGCCAGAGTGTTTTATATAGCTCCAACAATAAGAACTACTTAGCTTGGTACCAGCAGAAACCAGGACAGCCTCCTAAGCTGCTCATTTACTGGGCATCTACCCGGGAATCCGGGGTCCCTGACCGATTCAGTGGCAGCGGGTCTGGGACAGATTTCACTCTCACCATCAGCAGCCTGCAGGCTGAAGATGTGGCAGTTTATTACTGTCAGCAATATTATAATACTCCTCAGACTTTTGGCCAGGGGACCAAGCTGGAGATCAAA,IGKV4-1*01,IGKJ2*01,78,111,165,171,282,306,0.0124778974,2,0.0235781705,False,True
102,d4,152208-igk-152208,naive,Node1,GATATTGTGATGACTCAGTCTCCACTCTCCCTGCCCGTCACCCCTGGAGAGCCGGCCTCCATCTCCTGCAGGTCTAGTCAGAGCCTCCTGCATAGTAATGGATACAACTATTTGGATTGGTACCTGCAGAAGCCAGGGCAGTCTCCACAGCTCCTGATCTATTTGGGTTCTAATCGGGCCTCCGGGGTCCCTGACAGGTTCAGTGGCAGTGGATCAGGCACAGATTTTACACTGAAAATCAGCAGAGTGGAGGCTGAGGATGTTGGGGTTTATTACTGCATGCAAGCTCTACAACATCCGTGGACGTTCGGCCAAGGGACCAAGGTGGAAATCAAA,GATATTGTGGTGACTCAGTCTCCCCTCTCCCTGCCCGTCACCCCTGGAGAGCCGGCCTCCATCTCCTGCAGGTCTAGTCAGAGCCTCTTGCATAGTAATGGATACAACTTTTTGGATTGGTATCTGCAGAAGCCAGGGCAGCCTCCACAGCTCCTGATCTATTTGGGTTCTACTCGGGCCTCCGGGGTCCCTGACAGGTTCAGTGGCAGTGGATCAGGCACCGATTTTACACTGGAAATCAGCAGAGTGGAGGCTGAGGATGTTGGGGTTTATTACTGCTTGCAAGCTCTACAACATCCGTGGGCGTTCGGCCAAGGGACCAGGGTGGATATCAAA,IGKV2D-28*01,IGKJ1*01,78,108,162,168,279,303,0.0855643146,1,0.0855643146,True,False
103,d4,152208-igk-152208,Node1,Node2,GATATTGTGGTGACTCAGTCTCCCCTCTCCCTGCCCGTCACCCCTGGAGAGCCGGCCTCCATCTCCTGCAGGTCTAGTCAGAGCCTCTTGCATAGTAATGGATACAACTTTTTGGATTGGTATCTGCAGAAGCCAGGGCAGCCTCCACAGCTCCTGATCTATTTGGGTTCTACTCGGGCCTCCGGGGTCCCTGACAGGTTCAGTGGCAGTGGATCAGGCACCGATTTTACACTGGAAATCAGCAGAGTGGAGGCTGAGGATGTTGGGGTTTATTACTGCTTGCAAGCTCTACAACATCCGTGGGCGTTCGGCCAAGGGACCAGGGTGGATATCAAA,GATATTGTGGTGACTCAGTCTCCCCTCTCCCTGCCCGTCACCCCTGGAGAGCCGGCCTCCATCTCCTGCAGGTCTAGTCAGAGCCTCTTGCATAGTAATGGATACAACTTTTTGGATTGGTATCTGCAGAAGCCAGGGCAGCCTCCACAGCTCCTGATCTATTTGGGTTCTACTCGGGCCTCCGGGGTCCCCGACAGGTTCAGTGGCAGTGGATCAGGCACCGATTTTACACTGGAAATCAGCAGAGTGGAGGCTGAGGATGTTGGGGTTTATTACTGCTTGCAAGCTCTACAACATCCGTGGGCGTTCGGCCAAGGGACCAGGGTGGATATCAAA,IGKV2D-28*01,IGKJ1*01,78,108,162,168,279,303,0.0036977323,2,0.0892620469,False,False
104,d4,152208-igk-152208,Node2,ATAAGAGAGAAGGTTT-1-1287168_contig_h,GATATTGTGGTGACTCAGTCTCCCCTCTCCCTGCCCGTCACCCCTGGAGAGCCGGCCTCCATCTCCTGCAGGTCTAGTCAGAGCCTCTTGCATAGTAATGGATACAACTTTTTGGATTGGTATCTGCAGAAGCCAGGGCAGCCTCCACAGCTCCTGATCTATTTGGGTTCTACTCGGGCCTCCGGGGTCCCCGACAGGTTCAGTGGCAGTGGATCAGGCACCGATTTTACACTGGAAATCAGCAGAGTGGAGGCTGAGGATGTTGGGGTTTATTACTGCTTGCAAGCTCTACAACATCCGTGGGCGTTCGGCCAAGGGACCAGGGTGGATATCAAA,GATATTGTGGTGACTCAGTCTCCCCTCTCCCTGCCCGTCACCCCTGGAGAGCCGGCCTCCATCTCCTGCAGGTCTAGTCAGAGCCTCTTGCATAGTAATGGATACAACTTTTTGGATTGGTATCTGCAGAAGCCAGGGCAGCCTCCACAGCTCCTGATCTATTTGGGTTCTACTCGGGCCTCCGGGGTCCCCGACAGGTTCAGTGGCAGTGGATCAGGCACCGATTTTACACTGGAAATCAGCAGAGTGGAGGCTGAGGATGTTGGGGTTTATTACTGCTTGCAAGCTCTACAACATCCGTGGGCGTTCGGCCAAGGGACCAGGGTGGATATCAAA,IGKV2D-28*01,IGKJ1*01,78,108,162,168,279,303,0.0013177944,3,0.0905798412999999,False,True
105,d4,152208-igk-152208,Node2,CGCGGTATCACCCGAG-1-1287164_contig_h,GATATTGTGGTGACTCAGTCTCCCCTCTCCCTGCCCGTCACCCCTGGAGAGCCGGCCTCCATCTCCTGCAGGTCTAGTCAGAGCCTCTTGCATAGTAATGGATACAACTTTTTGGATTGGTATCTGCAGAAGCCAGGGCAGCCTCCACAGCTCCTGATCTATTTGGGTTCTACTCGGGCCTCCGGGGTCCCCGACAGGTTCAGTGGCAGTGGATCAGGCACCGATTTTACACTGGAAATCAGCAGAGTGGAGGCTGAGGATGTTGGGGTTTATTACTGCTTGCAAGCTCTACAACATCCGTGGGCGTTCGGCCAAGGGACCAGGGTGGATATCAAA,GGTATTGTGGTGACTCAGTCTCCCCTCTCCCTGCCCGTCACCCCTGGAGAGCCGGCCTCCATCTCCTGCAGGTCTAGTCAGAGCCTCTTGCATAGTAATGGATACAACTTTTTGGATTGGTATCTGCAGAAGCCAGGGCAGCCTCCACAGCTCCTGATCTATTTGGGTTCTACTCGGGCCTCCGGGGTCCCCGACAGGTTCAGTGGCAGTGGATCAGGCACCGATTTTACACTGGAAATCAGCAGAGTGGAGGCTGAGGATGTTGGGATTTATTACTGCTTGCAAGCTCTACAACATCCGTGGGCGTTCGGCCAGGGGACCAGGGTGGATATCAAA,IGKV2D-28*01,IGKJ1*01,78,108,162,168,279,303,0.0106333602,3,0.0998954071,False,True
106,d4,152208-igk-152208,Node1,CACCAGGCAAGCGTAG-1-1279078_contig_h,GATATTGTGGTGACTCAGTCTCCCCTCTCCCTGCCCGTCACCCCTGGAGAGCCGGCCTCCATCTCCTGCAGGTCTAGTCAGAGCCTCTTGCATAGTAATGGATACAACTTTTTGGATTGGTATCTGCAGAAGCCAGGGCAGCCTCCACAGCTCCTGATCTATTTGGGTTCTACTCGGGCCTCCGGGGTCCCTGACAGGTTCAGTGGCAGTGGATCAGGCACCGATTTTACACTGGAAATCAGCAGAGTGGAGGCTGAGGATGTTGGGGTTTATTACTGCTTGCAAGCTCTACAACATCCGTGGGCGTTCGGCCAAGGGACCAGGGTGGATATCAAA,GATATTGTGGTGACTCAGTCTCCCCTCTCCCTGCCCGTCACCCCTGGAGAGCCGGCCTCCATCTCCTGCAGGTCTAGTCAGAGCCTCTTGCATAGTAATGGATACAACTTTTTGGATTGGTATCTGCAGAAGCCAGGGCAGCCTCCACAGCTCCTGATCTATCTGGGTTCTACTCGGGCCTCCGGGGTCCCTGACAGGTTCAGTGGCAGTGGATCAGGCACCGATTTTACACTGGAAATCAGAAGAGTGGAGGCTGAGGATGTTGGGGTTTATTACTGCTTGCAAGCTCTACAACATCCGTGGGCGTTCGGCCAAGGGACCAGGGTGGATATCAAA,IGKV2D-28*01,IGKJ1*01,78,108,162,168,279,303,0.0069765473,2,0.0925408619,False,True
154,d1,159055-igl-5792,naive,Node1,CAGTCTGCCCTGACTCAGCCTGCCTCCGTGTCTGGGTCTCCTGGACAGTCGATCACCATCTCCTGCACTGGAACCAGCAGTGACGTTGGTGGTTATAACTATGTCTCCTGGTACCAACAGCACCCAGGCAAAGCCCCCAAACTCATGATTTATGATGTCAGTAATCGGCCCTCAGGGGTTTCTAATCGCTTCTCTGGCTCCAAGTCTGGCAACACGGCCTCCCTGACCATCTCTGGGCTCCAGGCTGAGGACGAGGCTGATTATTACTGCAGCTCATATACAAGCAGCAGCACTGTCTTCGGAACTGGGACCAAGGTCACCGTCCTA,CAGTCTGCCCTGACTCAGCCTGCCTCCGTGTCTGGGTCTCCGGGACAGTCGATCACCATCTCCTGCACTGGAGTCAGCAGTGGCGTTGGTGATTATAACTCTGTCTCCTGGTATCAACAGCTCCCAGGCGAAGCCCCCAAACTCTTGATTTATGATGTCATTAATCGGCCCTCAGGGATTTCTGATCGCTTCTCTGGCTCCAACTCTGGCAACACGGCCTCCCTGACCATCTCTGGGCTCCTGGCTGAGGACGAGGGTGATTATTACTGCTGCTCATATACAACCACCAGCACTGTCTTCGGAACTGGGACCAGGGTCGCCGTCCTA,IGLV2-14*04,IGLJ1*01,75,99,153,159,270,294,0.0694293077,1,0.0694293077,True,False
155,d1,159055-igl-5792,Node1,AAAGCAAAGGGTCGAT-1-1287206_contig_h,CAGTCTGCCCTGACTCAGCCTGCCTCCGTGTCTGGGTCTCCGGGACAGTCGATCACCATCTCCTGCACTGGAGTCAGCAGTGGCGTTGGTGATTATAACTCTGTCTCCTGGTATCAACAGCTCCCAGGCGAAGCCCCCAAACTCTTGATTTATGATGTCATTAATCGGCCCTCAGGGATTTCTGATCGCTTCTCTGGCTCCAACTCTGGCAACACGGCCTCCCTGACCATCTCTGGGCTCCTGGCTGAGGACGAGGGTGATTATTACTGCTGCTCATATACAACCACCAGCACTGTCTTCGGAACTGGGACCAGGGTCGCCGTCCTA,CAGTCTGCCCTGACTCAGCCTGCCTCCGTGTCGGGGACTCCGGGACAGTCGATCACCATCTCCTGCACTGGAGTCAGCAGTGGCGTTGGTGATTATAACTCTGTCTCCTGGTATCAGCAGCTCCCAGGCGAAGCCCCCAAACTCTTAATTTATGATGTCATTAATCGGCCCTCAGGGATTTCTGCTCGCTTCTCTGGCTCCAATTCTGGCGACACGGCCTCCCTGACCATCTCTGGACTCCTGACTGAGGACGAGGGTGACTATTACTGCTGCTCATATACAACCACCAGCACTGTCTTCGGAACTGGGACCAGGGTCGCCGTCCTG,IGLV2-14*04,IGLJ1*01,75,99,153,159,270,294,0.0468203936,2,0.1162497013,False,True
156,d1,159055-igl-5792,Node1,Node2,CAGTCTGCCCTGACTCAGCCTGCCTCCGTGTCTGGGTCTCCGGGACAGTCGATCACCATCTCCTGCACTGGAGTCAGCAGTGGCGTTGGTGATTATAACTCTGTCTCCTGGTATCAACAGCTCCCAGGCGAAGCCCCCAAACTCTTGATTTATGATGTCATTAATCGGCCCTCAGGGATTTCTGATCGCTTCTCTGGCTCCAACTCTGGCAACACGGCCTCCCTGACCATCTCTGGGCTCCTGGCTGAGGACGAGGGTGATTATTACTGCTGCTCATATACAACCACCAGCACTGTCTTCGGAACTGGGACCAGGGTCGCCGTCCTA,CAGTCTGCCCTGACTCAGCCTGCCTCCGTGTCTGGGTCTCCGGGACAGTCGATCACCATCACCTGCGCTGGAGTCAGCAGTGGCGTTGGTGATTATAACTCTGTCTCCTGGTATCAACAACTCCCAGGCGAAGCCCCCAAACTCTTGATTTATGATGTCATTAATCGGCCCTCAGGGATTTCTGATCGCTTCTCTGGCTCCAACTCTGGCAACACGGCCTCCCTGACCATCTCTGGGCTCCTGGCTGAGGACGAGGGTGATTATTACTGCTGCTCATATACAACCACCAGCACTGTCTTCGGAACTGGGACCAGGGTCGCCGTCCTA,IGLV2-14*04,IGLJ1*01,75,99,153,159,270,294,0.0147549757,2,0.0841842834,False,False
157,d1,159055-igl-5792,Node2,CTTGGCTAGGAACTGC-1-1287199_contig_h,CAGTCTGCCCTGACTCAGCCTGCCTCCGTGTCTGGGTCTCCGGGACAGTCGATCACCATCACCTGCGCTGGAGTCAGCAGTGGCGTTGGTGATTATAACTCTGTCTCCTGGTATCAACAACTCCCAGGCGAAGCCCCCAAACTCTTGATTTATGATGTCATTAATCGGCCCTCAGGGATTTCTGATCGCTTCTCTGGCTCCAACTCTGGCAACACGGCCTCCCTGACCATCTCTGGGCTCCTGGCTGAGGACGAGGGTGATTATTACTGCTGCTCATATACAACCACCAGCACTGTCTTCGGAACTGGGACCAGGGTCGCCGTCCTA,CAGTCTGCCCTGACTCAGCCTGCCTCCGTGTCTGGGTCTCCGGGACAGTCGATCAGCATCACCTGCGCTGGAATCAACAGTGGCGTTGGTGATTATAACTCTGTCTCCTGGTATCAACAACTCCCAGGCGAAGCCCCCAAACTCTTGATTTATGATGTCGTTAATCGGCCCTCAGGGATTTCTAATCGCTTCTCTGGCTCCAACTCTGACAACACGGCCTCCCTGACCATCTCTGGCCTCCTGCCTGAGGACGAGGGTGATTATTACTGCTGCTTATATACAAGCACCAGCACTGTTTTCGGAACTGGGACCAAGGTCGCCGTCCTA,IGLV2-14*04,IGLJ1*01,75,99,153,159,270,294,0.0615690334,3,0.1457533168,False,True
158,d1,159055-igl-5792,Node2,TAAGTGCCACGAAATA-1-1287198_contig_h,CAGTCTGCCCTGACTCAGCCTGCCTCCGTGTCTGGGTCTCCGGGACAGTCGATCACCATCACCTGCGCTGGAGTCAGCAGTGGCGTTGGTGATTATAACTCTGTCTCCTGGTATCAACAACTCCCAGGCGAAGCCCCCAAACTCTTGATTTATGATGTCATTAATCGGCCCTCAGGGATTTCTGATCGCTTCTCTGGCTCCAACTCTGGCAACACGGCCTCCCTGACCATCTCTGGGCTCCTGGCTGAGGACGAGGGTGATTATTACTGCTGCTCATATACAACCACCAGCACTGTCTTCGGAACTGGGACCAGGGTCGCCGTCCTA,CAGTCTGCCCTGACTCAGCCTGCCTCCGTGTCTGGGTCTCCGGGTCAGTCGATCACCATCACCTGCGCTGGAGTCAGCACTGGCGTTGATGATTATAATTCTGTCTCCTGGTATCAACAAATCCCAGGCGCAGCCCCCAAACTCTTGATTTATGGTGTCATTAATCGGCCCGCAGGAATTTCTGATCGCTTCTCTGGCTCCAGCTCTGCCAACACGGCCTCCCTGACCATCTCTGGGCTCCTGGCTGAGGACGAGGCTGATTATTATTGTTGTACATATACCACCACCAGCACTGTCTTCGGACCTGGGACCAGGGTCGCCGTCCTA,IGLV2-14*04,IGLJ1*01,75,99,153,159,270,294,0.0659204148,3,0.1501046982,False,True
186,d1,146931-igk-146931,naive,Node1,GATGTTGTGATGACTCAGTCTCCACTCTCCCTGCCCGTCACCCTTGGACAGCCGGCCTCCATCTCCTGCAGGTCTAGTCAAAGCCTCGTATACAGTGATGGAAACACCTACTTGAATTGGTTTCAGCAGAGGCCAGGCCAATCTCCAAGGCGCCTAATTTATAAGGTTTCTAACCGGGACTCTGGGGTCCCAGACAGATTCAGCGGCAGTGGGTCAGGCACTGATTTCACACTGAAAATCAGCAGGGTGGAGGCTGAGGATGTTGGGGTTTATTACTGCATGCAAGGTACACACTGGCCCCCGACGTTCGGCCAAGGGACCAAGGTGGAAATCAAA,GATGTTGTGATGACTCAGTCTCCACTCTCCCTGCCCGTCACCCCTGGACAGGCGGCCTCCATCTCCTGCAGGTCTAGCCAAAGCCTCGTATACAGTGATAGAAACACCTACTTGAATTGGTTTCATCAGAGGCCAGGCCAATCTCCGAGGCGCCTAATTTACATGGTTTCTACCCGGGACTCTGGGGTCCCAGACAGATTCAGCGGCAGTGGGTCAGGCACTGATTTCACACTGAAAATCAGCAGGGTGGAGGCTGAGGATGTTGGGGTTTATTACTGCATGCAAGGTAGACACTGGCCTCCGACGTTCGGCCAAGGGACCAAGGTGGAAATCAAA,IGKV2-30*01,IGKJ1*01,78,108,162,168,279,303,0.0507982969,1,0.0507982969,True,False
187,d1,146931-igk-146931,Node1,AGCATACCAATCTACG-1-1287204_contig_h,GATGTTGTGATGACTCAGTCTCCACTCTCCCTGCCCGTCACCCCTGGACAGGCGGCCTCCATCTCCTGCAGGTCTAGCCAAAGCCTCGTATACAGTGATAGAAACACCTACTTGAATTGGTTTCATCAGAGGCCAGGCCAATCTCCGAGGCGCCTAATTTACATGGTTTCTACCCGGGACTCTGGGGTCCCAGACAGATTCAGCGGCAGTGGGTCAGGCACTGATTTCACACTGAAAATCAGCAGGGTGGAGGCTGAGGATGTTGGGGTTTATTACTGCATGCAAGGTAGACACTGGCCTCCGACGTTCGGCCAAGGGACCAAGGTGGAAATCAAA,GATGTTGTGATGACTCAGTCTCCACTCTCCCTGCCCGTCACCCCTGGACAGGCGGCCTCCATCTCCTGCAGGTCTAGCCAAAGCCTCGTATACAGTGATAGAAACACCTACTTGAATTGGTTTCATCAGAGGCCAGGCCAATCTCCGAGGCGCCTAATTTACATGGTTTCTACCCGGGACTCTGGGGTCCCAGACAGATTCAGCGGCAGTGGGTCAGGCACTGATTTCACACTGAAAATCAGCAGGGTGGAGGCTGAGGATGTTGGGGTTTACTACTGCATGCAAGGTAGACACTGGCCTCCGACGTTCGGCCAAGGGACCAAGGTGGAAATCAAA,IGKV2-30*01,IGKJ1*01,78,108,162,168,279,303,0.0013642217,2,0.0521625186,False,True
188,d1,146931-igk-146931,Node1,Node2,GATGTTGTGATGACTCAGTCTCCACTCTCCCTGCCCGTCACCCCTGGACAGGCGGCCTCCATCTCCTGCAGGTCTAGCCAAAGCCTCGTATACAGTGATAGAAACACCTACTTGAATTGGTTTCATCAGAGGCCAGGCCAATCTCCGAGGCGCCTAATTTACATGGTTTCTACCCGGGACTCTGGGGTCCCAGACAGATTCAGCGGCAGTGGGTCAGGCACTGATTTCACACTGAAAATCAGCAGGGTGGAGGCTGAGGATGTTGGGGTTTATTACTGCATGCAAGGTAGACACTGGCCTCCGACGTTCGGCCAAGGGACCAAGGTGGAAATCAAA,GATGTTGTGTTGACTCAGTCTCCACTCTCCCTGCCCGTCACCCCTGGACAGGCGGCCTCCATCTCCTGCAGGTCTAGCCAAAGCCTCGTATACAGTGATAGAAACACCTACTTGAATTGGTTTCATCAGAGGCCAGGCCAATCTCCGAGGCGCCTAATTTACATGGTTTCTACCCGGGACTCTGGGGTCCCAGACAGATTCAGCGGCAGTGGGTCAGGCACTGATTTCACACTGAAAATCAGCAGGGTGGAGGCTGAGGATGTTGGGGTTTATTACTGCATGCAAGGTAGACACTGGCCTCCGACGTTCGGCCAAGGGACCAAGGTGGAAATCAAA,IGKV2-30*01,IGKJ1*01,78,108,162,168,279,303,0.0060185155,2,0.0568168124,False,False
189,d1,146931-igk-146931,Node2,CTTACCGCACCTCGTT-1-1287197_contig_h,GATGTTGTGTTGACTCAGTCTCCACTCTCCCTGCCCGTCACCCCTGGACAGGCGGCCTCCATCTCCTGCAGGTCTAGCCAAAGCCTCGTATACAGTGATAGAAACACCTACTTGAATTGGTTTCATCAGAGGCCAGGCCAATCTCCGAGGCGCCTAATTTACATGGTTTCTACCCGGGACTCTGGGGTCCCAGACAGATTCAGCGGCAGTGGGTCAGGCACTGATTTCACACTGAAAATCAGCAGGGTGGAGGCTGAGGATGTTGGGGTTTATTACTGCATGCAAGGTAGACACTGGCCTCCGACGTTCGGCCAAGGGACCAAGGTGGAAATCAAA,GATGTTGTGTTGACTCAGTCTCCACTCTCCCTGCCCGTCACCCCTGGACAGGCGGCCTCCATCTCCTGCAGGTCTAGCCAAAGCCTCGTATACAGTGATAGAAACACCTACTTGAATTGGTTTCATCAGAGGCCAGGCCAATCTCCGAGGCGCCTAATTTACATGGTTTCTACCCGGGACTCTGGGGTCCCAGACAGATTCAGCGGCAGTGGGTCAGGCACTGATTTCACACTGAAAATCAGCAGGGTGGAGGCTGAGGATGTTGGGGTTTATTACTGCATGCAAGGTAGACACTGGCCTCCGACGTTCGGCCAAGGGACCAAGGTGGAAATCAAA,IGKV2-30*01,IGKJ1*01,78,108,162,168,279,303,0.002931275,3,0.0597480874,False,True
190,d1,146931-igk-146931,Node2,TAAGTGCTCCGATATG-1-1287204_contig_h,GATGTTGTGTTGACTCAGTCTCCACTCTCCCTGCCCGTCACCCCTGGACAGGCGGCCTCCATCTCCTGCAGGTCTAGCCAAAGCCTCGTATACAGTGATAGAAACACCTACTTGAATTGGTTTCATCAGAGGCCAGGCCAATCTCCGAGGCGCCTAATTTACATGGTTTCTACCCGGGACTCTGGGGTCCCAGACAGATTCAGCGGCAGTGGGTCAGGCACTGATTTCACACTGAAAATCAGCAGGGTGGAGGCTGAGGATGTTGGGGTTTATTACTGCATGCAAGGTAGACACTGGCCTCCGACGTTCGGCCAAGGGACCAAGGTGGAAATCAAA,GATGTTGTGTTGACTCAGTCTCCACTCTCCCTGCCCGTCACCCCTGGACAGGCGGCCTCCATCTCCTGCAGGTCTAGCCAAAGCCTCGTATATAGTGATAGAAACACCTACTTGAATTGGTTTCATCAGAGGCCAGGCCAATCTCCGAGGCGCCTAATTTACATGGTTTCTACCCGGGACTCTGGGGTCCCAGACAGATTCAGCGGCAGTGGGTCAGGCACTGATTTCACACTGAAAATCAGCAGGGTGGAGGCTGAGGATGTTGGGGTTTATTACTGCATGCAAGGTAGACACTGGCCTCCGACGTTCGGCCAAGGGACCAAGGTGGAAATCAAA,IGKV2-30*01,IGKJ1*01,78,108,162,168,279,303,0.0043939792,3,0.0612107915999999,False,True
273,d1,155785-igl-2522,naive,Node1,CAGTCTGTGCTGACTCAGCCACCCTCAGCGTCTGGGACCCCCGGGCAGAGGGTCACCATCTCTTGTTCTGGAAGCAGCTCCAACATCGGAAGTAATTATGTATACTGGTACCAGCAGCTCCCAGGAACGGCCCCCAAACTCCTCATCTATAGGAATAATCAGCGGCCCTCAGGGGTCCCTGACCGATTCTCTGGCTCCAAGTCTGGCACCTCAGCCTCCCTGGCCATCAGTGGGCTCCGGTCCGAGGATGAGGCTGATTATTACTGTGCAGCATGGGATGACAGCCTGAGTGGTCGCGGTTGGGTGTTCGGCGGAGGGACCAAGCTGACCGTCCTA,CAGTCTGTGCTGACTCAGCCACCCTCAGCGTCTGGGACCCCCGGGCAGAGGGTCACCATCTCTTGTTCTGGAAGCAGCTCCAACATCGGAAGTAATTATGTATACTGGTACCAGCAGCTCCCAGGAACGGCCCCCAAACTCCTCATCTATAGGAATAATCAGCGGCCCTCAGGGGTCCCTGACCGATTCTCTGGCTCCAAGTCTGGCACCTCAGCCTCCCTGGCCATCAGTGGGCTCCGGTCCGAGGATGAGGCTGATTATTACTGTGCAGCATGGGATGACAGCCTGAGTGGTCGCGGTTGGGTGTTCGGCGGAGGGACCAAGCTGACCGTCCTA,IGLV1-47*01,IGLJ3*02,75,96,150,156,267,303,0.0004340756,1,0.0004340756,True,False
274,d1,155785-igl-2522,Node1,Node2,CAGTCTGTGCTGACTCAGCCACCCTCAGCGTCTGGGACCCCCGGGCAGAGGGTCACCATCTCTTGTTCTGGAAGCAGCTCCAACATCGGAAGTAATTATGTATACTGGTACCAGCAGCTCCCAGGAACGGCCCCCAAACTCCTCATCTATAGGAATAATCAGCGGCCCTCAGGGGTCCCTGACCGATTCTCTGGCTCCAAGTCTGGCACCTCAGCCTCCCTGGCCATCAGTGGGCTCCGGTCCGAGGATGAGGCTGATTATTACTGTGCAGCATGGGATGACAGCCTGAGTGGTCGCGGTTGGGTGTTCGGCGGAGGGACCAAGCTGACCGTCCTA,CAGTCTGTGCTGACTCAGCCACCCTCAGCGTCTGGGACCCCCGGGCAGAGGGTCACCATCTCTTGTTCTGGAAGCACGTCCAACATCGGAAGAAATAATGTATATTGGTACCAGCAGCTCCCAGGAACGGCCCCCAAACTCCTCATCTATAGGAATAATGAGCGGCCCTCAGGGGTCCCTGACCGATTCTCTGGCTCCACGTCTGGCACCTCAGCCTCCCTGGCCATCAGTGGGCTCCGGTCCGAGGATGAGGCTGATTATTACTGTGCAGCATGGGATGACGGTCTCAGTGGTCGCGGTTGGGTGTTCGGCGGAGGGACCAAGCTGACCGTCCTA,IGLV1-47*01,IGLJ3*02,75,96,150,156,267,303,0.0318570584,2,0.032291134,False,False
275,d1,155785-igl-2522,Node2,CTCGTCATCTGTCTAT-1-1287206_contig_h,CAGTCTGTGCTGACTCAGCCACCCTCAGCGTCTGGGACCCCCGGGCAGAGGGTCACCATCTCTTGTTCTGGAAGCACGTCCAACATCGGAAGAAATAATGTATATTGGTACCAGCAGCTCCCAGGAACGGCCCCCAAACTCCTCATCTATAGGAATAATGAGCGGCCCTCAGGGGTCCCTGACCGATTCTCTGGCTCCACGTCTGGCACCTCAGCCTCCCTGGCCATCAGTGGGCTCCGGTCCGAGGATGAGGCTGATTATTACTGTGCAGCATGGGATGACGGTCTCAGTGGTCGCGGTTGGGTGTTCGGCGGAGGGACCAAGCTGACCGTCCTA,CAGTCTGTGCTGACTCAGCCACCCTCAGCGTCTGGGACCCCCGGGCAGAGGGTCACCATCTCTTGTTCTGGAAGCACGTCCAACATCGGAAGAAATAATGTATATTGGTACCAGCAGCTCCCAGGAACGGCCCCCAAACTCCTCATCTATAGGAATAATGAGCGGCCCTCAGGGGTCCCTGACCGATTCTCTGGCTCCACGTCTGGCACCTCAGCCTCCCTGGCCATCAGTGGGCTCCGGTCCGAGGATGAGGCTGATTATTACTGTGCAGCATGGGATGACGGTCTCAGTGGTCGCGGTTGGGTGTTCGGCGGAGGGACCAAGCTGACCGTCCTA,IGLV1-47*01,IGLJ3*02,75,96,150,156,267,303,2.5035e-06,3,0.0322936375,False,True
276,d1,155785-igl-2522,Node2,TGCGGGTCAGTGAGTG-1-1287198_contig_h,CAGTCTGTGCTGACTCAGCCACCCTCAGCGTCTGGGACCCCCGGGCAGAGGGTCACCATCTCTTGTTCTGGAAGCACGTCCAACATCGGAAGAAATAATGTATATTGGTACCAGCAGCTCCCAGGAACGGCCCCCAAACTCCTCATCTATAGGAATAATGAGCGGCCCTCAGGGGTCCCTGACCGATTCTCTGGCTCCACGTCTGGCACCTCAGCCTCCCTGGCCATCAGTGGGCTCCGGTCCGAGGATGAGGCTGATTATTACTGTGCAGCATGGGATGACGGTCTCAGTGGTCGCGGTTGGGTGTTCGGCGGAGGGACCAAGCTGACCGTCCTA,CAGTCTGTGCTGACTCAGCCACCCTCAGCGTCTGGGACCCCCGGGCAGAGGGTCACCATCTCTTGTTCTGGAAGCACGTCCAACATCGGAAGAAATAATGTATATTGGTACCAGCAGCTCCCAGGAACGGCCCCCAAACTCCTCATCTATAGGAATAATGAGCGGCCCTCAGGGGTCCCTGACCGATTCTCTGGCTCCACGTCTGGCACCTCAGCCTCCCTGGCCATCAGTGGGCTCCGGTCCGAGGATGAGGCTGATTATTACTGTGCAGCATGGGATGACGGTCTCAGTGGTCGCGGTTGGGTGTTCGGCGGAGGGACCAAGCTGACCGTCCTA,IGLV1-47*01,IGLJ3*02,75,96,150,156,267,303,0.0058032692,3,0.0380944032,False,True
277,d1,155785-igl-2522,Node1,GCGCCAATCTGTCTAT-1-1287207_contig_h,CAGTCTGTGCTGACTCAGCCACCCTCAGCGTCTGGGACCCCCGGGCAGAGGGTCACCATCTCTTGTTCTGGAAGCAGCTCCAACATCGGAAGTAATTATGTATACTGGTACCAGCAGCTCCCAGGAACGGCCCCCAAACTCCTCATCTATAGGAATAATCAGCGGCCCTCAGGGGTCCCTGACCGATTCTCTGGCTCCAAGTCTGGCACCTCAGCCTCCCTGGCCATCAGTGGGCTCCGGTCCGAGGATGAGGCTGATTATTACTGTGCAGCATGGGATGACAGCCTGAGTGGTCGCGGTTGGGTGTTCGGCGGAGGGACCAAGCTGACCGTCCTA,CAGTCTGTTCTGACTCAGCCACCCTCAGCGTCTGGGACCCCCGGGCAGAGGGTCACCATCTCTTGTTCTGGAAGTAGCTCCAACATCGGAAGTAATGATCTTTACTGGTACCAGCAACTCCCAGGAACGGCCCCCAAACTCCTCATGTATAGCAATAATCAGCGGCCCTCAGGGGTCCCTGACCGATTCTCTGGCTCCAAGTCTGGCACCTCAGCCTCCCTGGCCATCAGTGGGCTCCGGTCCGAAGATGAGGCTGATTATTACTGTGCAGCATGGGATGGCAGCCTGAGTGGTCGCGGTTGGGTGTTCGGCGGAGGGACCAAGCTGACCGTCCTA,IGLV1-47*01,IGLJ3*02,75,96,150,156,267,303,0.0371698738,2,0.0376039494,False,True
308,d4,172841-igk-172841,naive,Node1,GACATCGTGATGACCCAGTCTCCAGACTCCCTGGCTGTGTCTCTGGGCGAGAGGGCCACCATCAACTGCAAGTCCAGCCAGAGTGTTTTATACAGCTCCAACAATAAGAACTACTTAGCTTGGTACCAGCAGAAACCAGGACAGCCTCCTAAGCTGCTCATTTACTGGGCATCTACCCGGGAATCCGGGGTCCCTGACCGATTCAGTGGCAGCGGGTCTGGGACAGATTTCACTCTCACCATCAGCAGCCTGCAGGCTGAAGATGTGGCAGTTTATTACTGTCAGCAATATTATAGTACTCCTCGAACGTTCGGCCAAGGGACCAAGGTGGAAATCAAA,GACATCGTGATGACCCAGTCTCCAGACTCCCTGGCTGTGTCTCTGGGCGAGAAGGCCACCCTCAACTGCAAGTCCAGCCAGAGTGTTTTATCCAGCTCCAACAATAAGAACTACTTAGGTTGGTACCAGCAGAAACCAGGACAGCCTCCTAAGCTGCTCATTCACTGGGCATCTACCCGGGAATCCGGGGTCCCTGACCGATTCAGTGGCAGCGGGTCTGGAACAGATTTCACTCTCACCATCAGCAGCCTGCAGGCTGAAGATGTGGCAGTTTATTACTGTCAGCAATATTATAGTCCTCCTCGAACGTTCGGCCAAGGGACCAAGGTGGAAATCAAA,IGKV4-1*01,IGKJ1*01,78,111,165,171,282,306,0.0276836526,1,0.0276836526,True,False
309,d4,172841-igk-172841,Node1,Node2,GACATCGTGATGACCCAGTCTCCAGACTCCCTGGCTGTGTCTCTGGGCGAGAAGGCCACCCTCAACTGCAAGTCCAGCCAGAGTGTTTTATCCAGCTCCAACAATAAGAACTACTTAGGTTGGTACCAGCAGAAACCAGGACAGCCTCCTAAGCTGCTCATTCACTGGGCATCTACCCGGGAATCCGGGGTCCCTGACCGATTCAGTGGCAGCGGGTCTGGAACAGATTTCACTCTCACCATCAGCAGCCTGCAGGCTGAAGATGTGGCAGTTTATTACTGTCAGCAATATTATAGTCCTCCTCGAACGTTCGGCCAAGGGACCAAGGTGGAAATCAAA,GACATCGTGATGACCCAGTCTCCAGACTCCCTGGCTGTGTCTCTGGGCGAGAAGGCCACCCTCAACTGCAAGTCCAGCCAGAGTGTTTTATCCAGCTCCAACAATAAGAACTACTTAGGTTGGTACCAGCAGAAACCAGGACAGCCTCCTAAGCTGCTCATTCACTGGGCATCTACCCGGGAATCCGGGGTCCCTGACCGATTCAGTGGCAGCGGGTCTGGAACAGATTTCACTCTCACCATCAGCAGCCTGCAGGCTGAAGATGTGGCAGTTTATTACTGTCAGCAATATTATAGTCCTCCTCGAACGTTCGGCCAAGGGACCAAGGTGGAAATCAAA,IGKV4-1*01,IGKJ1*01,78,111,165,171,282,306,1e-06,2,0.0276846526,False,False
310,d4,172841-igk-172841,Node2,AACCGCGCAAGTTGTC-1-1279071_contig_h,GACATCGTGATGACCCAGTCTCCAGACTCCCTGGCTGTGTCTCTGGGCGAGAAGGCCACCCTCAACTGCAAGTCCAGCCAGAGTGTTTTATCCAGCTCCAACAATAAGAACTACTTAGGTTGGTACCAGCAGAAACCAGGACAGCCTCCTAAGCTGCTCATTCACTGGGCATCTACCCGGGAATCCGGGGTCCCTGACCGATTCAGTGGCAGCGGGTCTGGAACAGATTTCACTCTCACCATCAGCAGCCTGCAGGCTGAAGATGTGGCAGTTTATTACTGTCAGCAATATTATAGTCCTCCTCGAACGTTCGGCCAAGGGACCAAGGTGGAAATCAAA,GACATCGTGATGACCCAGTCTCCAGACTCCCTGGCTGTGTCTCTGGGCGAGAAGGCCACCCTCAACTGCAAGTCCAGCCAGAGTGTTTTATCCAGCTCCAACAATAAGAACTACTTAGGTTGGTACCAGCAGAAACCAGGACAGCCTCCTAAGCTGCTCATTCACTGGGCATCTACCCGGGAATCCGGGGTCCCTGACCGATTCAGTGGCAGCGGGTCTGGAACAGATTTCACTCTCACCATCAGCAGCCTGCAGGCTGAAGATGTGGCAGTTTATTACTGTCAGCAATATTATAGTCCTCCTCGAACGTTCGGCCAAGGGACCAAGGTGGAAATCAAA,IGKV4-1*01,IGKJ1*01,78,111,165,171,282,306,1e-06,3,0.0276856526,False,True
311,d4,172841-igk-172841,Node2,AGATCTGTCACATAGC-1-1279071_contig_h,GACATCGTGATGACCCAGTCTCCAGACTCCCTGGCTGTGTCTCTGGGCGAGAAGGCCACCCTCAACTGCAAGTCCAGCCAGAGTGTTTTATCCAGCTCCAACAATAAGAACTACTTAGGTTGGTACCAGCAGAAACCAGGACAGCCTCCTAAGCTGCTCATTCACTGGGCATCTACCCGGGAATCCGGGGTCCCTGACCGATTCAGTGGCAGCGGGTCTGGAACAGATTTCACTCTCACCATCAGCAGCCTGCAGGCTGAAGATGTGGCAGTTTATTACTGTCAGCAATATTATAGTCCTCCTCGAACGTTCGGCCAAGGGACCAAGGTGGAAATCAAA,GACATCGTGATGACCCAGTCTCCAGACTCCCTGGCTGTGTCTCTGGGCGAGAAGGCCACCCTCAACTGCAAGTCCAGCCAGAGTGTTTTATCCAGCTCCAACAATAAGAACTACTTAGGTTGGTACCAGCAGAAACCAGGACAGCCTCCTAAGCTGCTCATTCACTGGGCATCTACCCGGGAATCCGGGGTCCCTGACCGATTCAGTGGCAGCGGGTCTGGAACAGATTTCACTCTCACCATCAGCAGCCTGCAGGCTGAAGATGTGGCAGTTTATTACTGTCAGCAATATTATAGTCCTCCTCGAACGTTCGGCCAAGGGACCAAGGTGGAAATCAAA,IGKV4-1*01,IGKJ1*01,78,111,165,171,282,306,1e-06,3,0.0276856526,False,True
312,d4,172841-igk-172841,Node1,CAGCCGAGTGTGCCTG-1-1279070_contig_h,GACATCGTGATGACCCAGTCTCCAGACTCCCTGGCTGTGTCTCTGGGCGAGAAGGCCACCCTCAACTGCAAGTCCAGCCAGAGTGTTTTATCCAGCTCCAACAATAAGAACTACTTAGGTTGGTACCAGCAGAAACCAGGACAGCCTCCTAAGCTGCTCATTCACTGGGCATCTACCCGGGAATCCGGGGTCCCTGACCGATTCAGTGGCAGCGGGTCTGGAACAGATTTCACTCTCACCATCAGCAGCCTGCAGGCTGAAGATGTGGCAGTTTATTACTGTCAGCAATATTATAGTCCTCCTCGAACGTTCGGCCAAGGGACCAAGGTGGAAATCAAA,GACATCGTGATGACCCAGTCTCCAGACTCCCTGGCTGTGTCTCTGGGCGAGAAGGCCACCCTCAACTGCAAGTCCAGCCAGAGTGTTTTATCCAGCTCCAACAATAAGAACTACTTAGGTTGGTACCAGCAGAAACCAGGACAGCCTCCTAAGCTGCTCATTCACTGGGCATCTACCCGGGAATCCGGGGTCCCTGACCGATTCAGTGGCAGCGGGTCTGGAACAGATTTCACTCTCACCATCAGCAGCCTGCAGGCTGAAGATGTGGCAGTTTATTACTGTCAGCAATATTATAGTCCTCCTCGAACGTTCGGCCAAGGGACCAAGGTGGAAATCAAA,IGKV4-1*01,IGKJ1*01,78,111,165,171,282,306,1e-06,2,0.0276846526,False,True
